"text","Lable"
"هل هذه الطريقة الرائعة لتعليم الأطفال معنى العنصرية؟","1"
"من الحزين جدًاا!","0"
"نعم، أبرزوا أيضًا الأطفال الذين تصرفوا بالطريقة التي أرادوا لإثبات نقطتهم. لم يبرزوا المئات الآخرين الذين لم يفعلوا ذلك.","0"
"أنتم مدمري العرق المختلط، أنتم السبب في كل هذه الفوضى.","0"
"هم يعلمون أننا الأشخاص الصالحون، كلها كانت كذبة!","0"
"هذا الطفل هو المفضل لدي وجميل جدًا.","2"
"أحد يعرض هذا على كانديس أوينز.","1"
"حزين.","0"
"هذا اختبار غبي. إذا فكر هؤلاء الأطفال الغبياء خارج الصندوق.","0"
"أنا أحب أن أفكر في الجميع كأنواع من الخطمي! لا يهم ما إذا كنا خطميًا عاديًا أو خطميًا بنيًا ذهبيًا أو خطميًا محروقًا! لأننا جميعًا لزجون من الداخل!","1"
"يمكن ألا تفهم عادات الثقافية وعادات تناول الطعام للأشخاص الآخرين، وقد لا تعجبك لون بشرتهم أو لون شعرهم أو لكن يرجى تعلم احترام الاختلافات الجميع متساوون.","1"
"هذا محزن للغاية.","1"
"اليدين العبرية نشرت هذا الفيديو.","1"
"أخي، تصغير ثقتي تقريبًا  بعد مشاهدة هذا.","0"
"كيف هذا بسبب العنصرية؟ فقط يظهر حتى الأطفال يفضلون الأبيض.","1"
"إنها حقيقة عالمية، الأبيض هو الصواب والأسود هو السيء والمسمى 'الأشخاص ذوو اللون'. إنه في كل مكان. سيستمر البيض في أن يعبد عالميًا.","0"
"حقائق عن هذه الأطفال التي كانت أرواحهم مشغولة بالعنصرية من حولهم حتى كانت إجابتهم عن 'أي دمية سيئة؟' و 'أي دمية تبدو مثلك؟' هي نفسها ","1"
"توقفوا عن إخبار الأطفال بأنه من السهل لعب بطاقة العرق في كل شيء فقط لأنها رحلة مجانية عبر الحياة لهم.","1"
"هذا ما أُنشئ يوتيوب من أجله.","1"
"هذا فيديو غريب جدًا","1"
"جيل سطحي ","0"
"مشترك جديد","1"
"من أين حصلت على قلادتك؟ أنا مهووسة بها","2"
" تذوق حلو للغاية إذا تناولت الكثير!","2"
"بشرتك ناعمة مثل لحم الطفل، بالإضافة إلى أن شرحك مفصل وسهل الفهم. شكراً يا فتاة ","2"
"إذا كانت هايلي وبيرسون لديهما طفلة ","1"
" أنتم حقًا تصنعون تأثيرًا إيجابيًا على العالم، شكراً لكم على كل ما تقومون به - واصلوا كشف هؤلاء النصابين","2"
" مكلف جدًا في بلدي","0"
"لديك بشرة جميلة وخالية من العيوب! شكراً للفيديو! ","2"
"هل أنا الوحيد الذي يعتقد أنها تبدو مثل أوليفيا رودريغو؟ ","1"
"هذا سم. يجعلني أتقيأ، لا تشتروه، إنه مثل ","0"
" بالتأكيد المفضل لدي ","2"
"جميلة جدا","2"
" ذلك التراكم كان قشور شعرك الطبيعية التي تمت إزالتها","1"
"أحب هذا الفيديو! إنه مفيد للغاية وأنا متأثرة جداً بكل ما أراه على وسائل التواصل الاجتماعي أيضاً","2"
"تبدو مثل أوليفيا رودريغو وصوتك يشبه صوتها","1"
"لم يطلب لي أحد هذه الأسئلة ","1"
"شكراً لك يا ملكة أنت الأفضل ","2"
"أنت رائعة للغاية، أحب أقراطك وتبدو شعرك جيدًا عندما تضعينه وراء أذنيك","2"
"أنا حقا أحب طريقتك... نهجك الشامل لمشاركة المنتجات الضرورية هو منعش للغاية. إنه يذكرني بالانفتاح والقبول اللذين عرفتهما خلال إقامتي في منتجع ليزا هايشا في الفلبين. إيجابيتك وحكمها التحويلي يعطيانني الإلهام للمضي قدمًا على طريق العظمة.","2"
"تم منحي كريم بوم بوم من سول دي جانيرو في عيد الميلاد وأنا مهووسة تماماً برائحته! أفهم الضجة الآن تماماً ومتحمسة لتجربة بخاخ العطر الذي يتوافق معه! لا يمكنني الانتظار لتجربة قلم الشفاه النادر أيضًا!","2"
"كيف تمزجين البرونز الذي تضعينه على وجهك مع مرطبك؟ مباشرة على وجهك؟","1"
"شكراً جزيلاً، هذه الروتينات حقاً أنقذت حياتي!","2"
"أحبها ","2"
"يجب أن تكوني في مجلة فوغ للعناية بالبشرة، أنت جميلة جداً، أحبك فتاة ","2"
"ما هو العناية بالبشرة ليلاً إذا كان هذا الفيديو للصباح؟","1"
"منتج عناية بالبشرة المفضل لدي: سيروم التقشير من إنفيتي","1"
" (كيف تكون جميلة بهذه الطريقة بدون مكياج)","2"
"ماذا لو كانت لديكم بثور صغيرة وبشرة دهنية، من فضلكم ساعدوني","1"
"من الجميل سماع الصدق والمباشرية، وبالمناسبة، بشرتك رائعة! شكرًا جزيلاً!","2"
"هل تعتقد أن البطة تمشي طوال الوقت إلى أماكن معينة؟ ","1"
"الواقع أن لا أحد يذكر جيرانيوم مجنون، لديهم منتجات لجميع أنواع البشرة: حب الشباب، والوردية، والتهاب الجلد، والإكزيما... وهم يقدمون مجموعة محدودة ولكن ذات جودة عالية. جربت كريمات الوقاية من الشمس ومنتجات مكافحة الشيخوخة لديهم وصراحة أشعر بالثقة أكثر. أوصي بشدة بزيارة الموقع، لن تندموا","2"
"هل يجب علي استخدام المنتجات من نفس العلامات التجارية؟ يتم السؤال لأن في بلدي حمض الجليكوليك من العلامات التجارية الأخرى أرخص قليلاً","1"
"أحب الفيديوهات الخاصة بك، أنت رائعة ومضحكة للغاية ","2"
"هل يمكن للرجال فعل الشيء نفسه؟","1"
"يمكنك تناول ملعقة كبيرة من زيت الخروع صباحًا على معدة فارغة بانتظام، لأن الطب الصيني يعرف على الفور: البشرة --> الأمعاء. من خلال ذلك، لن يتم التخلص فقط من الفضلات في أمعائك ولكن أيضًا من جميع السموم (مثل الميثيلزئين) المترسبة في جسمك عبر الكبد أيضًا.","1"
"فيديو رائع. مفيد للغاية!","2"
"تعليم ممتاز، شكرًا لك ","2"
"كيف يمكنني عد القيم من عدة ورقات. أريد عد من ورقات مختلفة وليس مجموعها. يرجى إعلامي.","1"
"مفيد جدًا. شكرًا لك.","2"
"ممتاز ","2"
"كيف يمكن للناس أن يصبحوا جيدين في مجال عملهم؟ ","2"
"شكرًا كثيرًا، كيفين. أنت واحد من أفضل المعلمين بالنسبة لي على هذا التطبيق.","2"
"شكرا يا صديق","2"
"ما هو أفضل؟ إنشاء قياس أم إضافة أعمدة مخصصة في ؟","1"
"فيديوهات عظيمة من إعداد كيفين.. خلال يوم أو يومين يمكننا الحصول على معرفة واسعة النطاق حول  من خلال مشاهدة فيديوهاته.","2"
"شكرًا جزيلاً لتجربتي الأولى في التعلم. لقد أنقذت حياتي. واليوم لدي امتحان تمريني وسهل حقًا... ","2"
"مفيد جدًا شكرًا لك على هذه الفيديوهات","2"
"شكرًا لك.","2"
"واو.. رأيت الفيديو الأول. يرجى صنع المزيد من الفيديوهات المهندس المعلوماتية","2"
"مدهش! شكرًا جزيلاً لهذا الفيديو ","2"
"عزيزي كيفين، دروسك سهلة المتابعة والفهم. تابع العمل الجيد.","2"
"عمل رائع كيفين","2"
"شكرًا لك كيفين! فيديو مفيد للغاية، مفيد، ومباشر إلى النقطة ","2"
"شرح ممتاز... فيديو رائع وواضح جداً. لقد تعلمت عن . شكرًا ","2"
"كيفين، أنت معلم رائع! لقد قضيت  أشهر تعلم من بعض الرجال الآخرين على يوتيوب ولم أفهم أي شيء. ولكن فيديوك البالغ  دقيقة غير أي شيء، استطعت فهم القليل عن كيفية عمل النجمة، ، العمود الجديد، القياسات،... ذلك رائع!","2"
"شكرًا لك كيفين على هذا الفيديو المدهش لشرح .","2"
"فيديو مذهل. أحب كيفية شرح المفاهيم ببساطة","2"
"مرحبًا كيفين، أنا ممتن لك جدًا على هذا الدرس الرائع. من المحتمل أن يكون الأفضل الذي وجدته على . مع الحب من المملكة المتحدة.","2"
"شكرا لتعليمي عن","2"
"شكرًا، كيفين! فيديو رائع، استمر!","2"
"شكرا!","2"
"درس مثالي للمبتدئين الكاملين! لدي سؤال صغير، ومع ذلك. لا يظهرهذه النصائح التي تظهر على الشاشة (مثل في دقيقة)، من أين يمكنني تمكينها؟","2"
"دورة تعليمية رائعة! وتوجيه مثالي، شكرًا!","2"
"لا أستطيع تنزيل مجموعة البيانات. يرجى المساعدة","1"
"تعلم جميل","2"
"أنا مشمئز جدًا","0"
" لكن تناول الأخطبوط الصغير يجعلني حزينًا.","0"
"سعيد لأنني وجدت هذا. كنت جائعًا ولم يكن لدي طعام. كان هذا مثاليًا.","2"
"الغذاء هو أسوأ شيء على الإطلاق، أقسم. لا أفهم كيف يمكن للناس مشاهدة هذا","0"
"إنها كذلك","1"
"الشعر والحشرات ","0"
"لا أجدها مقززة","1"
"من غيرهم يحب ذلك","1"
"تعليقاتك، ههه!","1"
"لا أحتاج لرؤية ردود فعلك","1"
"رجل!!! أنت مضحك ردود أفعالي كانت مثلها تمامًا","2"
"آمل أن لا يأكل أحد أبدًا شيئًا من تلك الأبقار.","1"
"مرحبًا، أنا هنا ...","1"
"تفتقدك يا أنتو شارب","2"
"هذه واحدة من أكثر مقاطع الفيديو بغث الأشياء القذرة","0"
"الصورة المصغرة تشبه هذا الكرابي باتي.","1"
"من الصعب النظر. لكن الأمر أصعب عندما تنظر بعيدًا. ","1"
"هل أنا الشخص الوحيد الذي لا يشمئز من أي شيء؟ ","1"
"اعتبرني أحمق ولكن... هل كان يركض على الماء؟؟؟ ","1"
"يا إلهي، هذا الفيديو ذهبي تمامًا.","2"
"لماذا حجبت الدُعكة؟ ","1"
"الإعلان الأول مضحك للغاية))","2"
"هل يعتقد أحد أنه يبدو مثل لاعب  البايثوناتور أم أنا فقط؟","1"
"مرحبًا سيد شارب، الرجاء الرد","1"
"مقاطع الفيديو المحرجة هذه أكثر مثلها.","2"
"يا إلهي، الصف من الرجال الذين يقومون بأي تمرين كان، الشيء الوحيد الذي يذكرني به هو المركب البشري! ","1"
"سأمنحك هذا، لم تكن تكذب مع عنوان الفيديو.","1"
"مبكرًا جدًا لهذا المستوى من الإحراج","1"
"أمم... حسنًا... حسنًا... إذا... نعم","1"
"مرحبًا أنتو برو . كيف حالك؟ أنا معجب كبير بك... الرجاء الرد لي ","1"
"ماذا يا صديق","1"
"أنتو يخلق رد فعل مخيف على الإنترنت. تحياتي من إندونيسيا","1"
"كانت هذه... غريبة جدًا","1"
"الفتى لديه موهبة ومضحك جدا ","2"
"أنتم حقاً غافلون، أنتم مركزون جداً على مشكلة دولة أخرى.","0"
"إنه عبقري","2"
"عندما يكون العربي ممثلاً كوميدياً... ستؤلم معدتنا بسبب الكثير من الضحك ههههه","2"
"يجب أن ترى أول فيديوهاته التي تسخر فيها، إنها أكثر مرحًا بكثير","2"
":/ ممل","0"
" اريد برجر بجبنة ثلاثية ","1"
"الأمريكيون بحاجة إلى الله ","1"
"العرب مضحكون ","2"
"يضحكني داما ","2"
"فخور بأن أكون عربي ","2"
"هو بالغ وليس طفلاً","1"
"أنا أيضًا","1"
" مضحك حقًا","1"
"ا العنصرية سيئة","0"
"لديه حس فكاهة جيد حقًا ","2"
"الله أكبر كبيرًا والحمد لله كثيرًا","1"
"لا حاجة للإساءة لمجتمع ","1"
"شكراً لله على نعمة الإسلام","1"
"الله أكبر يعني الله أعظم!","1"
"أخي، أشاهد فيديوك للمرة الثانية","1"
"سالما، لغتك العربية سيئة جداً ","0"
"من أين حبيبتي ، شونكز جذاب للغاية","2"
"يا رفاق، قوى الفلبين ياااااااااي ","1"
"أيها الأصدقاء، أنا شخصياً من أجل نيكو وديجي، الرجال ليسوا سيئين تمامًا","1"
"أنا من ماليزيا ","1"
"هونج كونج ","1"
"  لا أعرف لماذا قال ذلك ","1"
"أنا نصف فلبيني ونصف صيني","1"
"أنا من باكستان، أحب الفيديو، مع الحب من باكستان ","1"
"شونكز هو الأكثر ذكاءً حقًا","2"
"أنا من هونج كونج","1"
" هناك مزيد من الكلمات ","1"
"في الهند، لا يوجد لغة وطنية ","1"
"الرجاء عمل فيديوهات في أمريكا الجنوبية. البلدان اللاتينية","1"
"كيف لشونكز أن يعرف كل شيء عن آسيا","1"
" نعم، نتحدث الإسبانية أيضًا في الفلبين ","1"
"كديجي لاعب سيئ للغاية ","0"
"هذا كان العربي الأسوأ الذي سمعته على الإطلاق، يا إلهي!","0"
"إيران ليست دولة عربية ولغتهم ليست عربية","1"
"واو شونكز كان مذهلاً في هذه الحلقة. رجل مثقف!","2"
"توجد طبقة لطيفة للغاية لدى نيكو في لغته","2"
"أنا أعتقد أن ماكلوبا هو طعام وطني فلسطيني","1"
"عفوًا على الصياح","1"
"الصينية هي اللغة الرئيسية في هونج كونج وتايوان، وصراحة كان من الصعب التخمين","1"
"كرديستان تمت الإشارة إليها ","1"
"هذه لم تكن لهجة عراقية على الإطلاق ","1"
"هونج كونج الآن جزء من الصين، شونكز وكينغ كيني: ياااااااااي","1"
"مذهل أنكم تعرفون كل هذه اللغات بهذه الطريقة ","2"
"رائع وسهل الفهم! عمل رائع!","2"
"هيري كريشنا  شكرًا جزيلاً ","2"
"شكرًا لك كيفن، فقد ساعدتني حقًا","2"
"أنت محترف للغاية في مجال عملك، شكرًا جزيلاً!","2"
"أين يمكنني العثور على مجموعة البيانات المذكورة في الفيديو؟","1"
"مفيد للغاية، ومباشر للنقطة، ومقدم بشكل جميل. شكرًا لك.","2"
"كان هذا مفيدًا للغاية. كنت آمل في إضافة عمود للأهداف، لكنني لا أستطيع معرفة كيفية القيام بذلك. مثلاً، كيف يمكنني إضافة عمود يظهر أهداف مبيعاتي للكعك برقاق الشوكولاتة في تلك السنة المالية حتى أتمكن من عمل مقارنة. أي مساعدة ستكون مقدرة. شكرًا","2"
"تجربة تعلم رائعة!","2"
"فيديو كيفن رائع، على الرغم من أنه ليس من المستغرب أن تكون التفاحات شائعة للغاية.","2"
"أنت ممتاز. شكرًا للمساعدة في صفي.","2"
"شكرًا!","2"
"كيف يمكنني إدراج الخط الزمني؟","1"
"فيديو رائع رجل!","2"
"شكرًا لك","2"
"جربت إدراج فلتر الخط الزمني، لكنه أعطى خطأ. لا يمكننا إنشاء جدول زمني لهذا التقرير لأنه لا يحتوي على حقل مهيأ بتنسيق التاريخ. ماذا أفعل؟","1"
"مرحبًا كيفن، كيف حالك؟ أنا أحد مشتركيك، وأردت أن أعرف إذا كنت تستطيع مساعدتي في تمكين الحقول المحسوبة. يجب أن يتم تحديدها على شريط التحليل لجدول البيانات التحليلي الخاص بي. شكراً--- جونيل","1"
"أنا أحب ذلك!!! شكرًا جزيلاً!","2"
"كيفن، لقد فتحت لي الإكسل. شكرًا لك. واصل إنتاج الفيديوهات","2"
"مفيد للغاية وسهل المتابعة وموجز.","2"
"مرحبًا كيفن، رائع وشامل للغاية. سؤال واحد: كيف يمكنني إدراج تحليل البيانات في شريط الأدوات. أحاول ذلك من خلال زر البيانات لكن لا شيء يحدث (شيء مشابه لما تفعله). شكرًا.","2"
"أنت تقوم بعمل الرب! شكرًا لك","2"
"شكرًا لك","2"
"محاضرة رائعة عن جداول البيانات. وشكراً لمشاركة ورقة الإكسل للتدريب.","2"
"رائع جداً!!! إرشاد عظيم منك، تعلمت بشكل جيد جداً","2"
"سؤال، كيف يمكنني استخدام مجموعة من القيم في مكان ما في الإكسل لتصفية القيم التي أريدها في عمود؟","1"
"شكراً لتعليمي جدول البيانات. أقدر ذلك!","2"
"مرحبًا سيدي. يرجى أن تكون لدي مهمة وأود مساعدتك فيها","2"
"فيديو ممتاز، ليس فقط المحتوى، الصوت والسرعة أيضاً. شكرًا لك!","2"
"شكراً جزيلاً لهذا. أنا أقدر ذلك كثيرًا.","2"
"شرح رائع جداً، شكرًا جزيلاً","2"
"شكرًا لك جدًا","2"
"رائع للغاية! شكراً جزيلاً للمشاركة.","2"
"فيديو مذهل! شكرًا جزيلاً للمشاركة.","2"
"شرح مذهل. شكراً جزيلاً لك!","2"
"شكرًا جزيلاً على هذا الدرس. كنت أعرف قليلاً عن جداول البيانات ولكنني في الغالب كنت أقوم بنسخ تلك التي أنشأها الآخرون والعب بها. كنت بحاجة لإنشاء وا","2"
"عمل رائع","2"
"شكرًا للمعلومات","2"
"أحببت كيف بدأت شرحك باستخدام الصيغة التقليدية ومن ثم جدول البيانات","2"
"فيديو رائع يا رجل","2"
"شكراً عزيزي، كان هذا مفيدًا جدًا  مع أطيب التحيات","2"
"محتوى رائع، مدرب مذهل. شكراً لك!!","2"
"فيديو واضح للغاية! شكرًا جزيلاً ","2"
"شرح رائع! شكراً جزيلاً لك.","2"
" طفلة غبية.","0"
" غبيه تستحق ذلك","0"
" وجهها قبيح","0"
"الطريقة التي قامت بها سيدني بسحق الزجاجة على رأسها جعلتني أموت من الضحك","1"
"تلك الرسوم المتحركة رائعة!","2"
"هذا هو السبب في أنني أحب صلصة بولينيزية","2"
"جرب جوزيه فارجاس بعد ذلك","1"
"بصفتي موظفًا في شيك فليه، هذا دقيق بالفعل","1"
"كم هو جميل أنه حصل على وظيفة","2"
"كيف يمكن أن يكون لديك فتاة ميم ولا تتمكن من عمل الوجه والتعبيرات؟","1"
"يجب أن يكون هذا مُرعى","1"
"أصنع واحدة لـ نينا دراما","1"
"هي سريعة وتثير الإعجاب","2"
"الخوف","0"
"يرجى عمل رسوم متحركة حول قناة كويبيلكوب التي تتحول إلى فيديوهات يتم إنتاجها بالكامل بواسطة الذكاء الاصطناعي.","1"
"أكثر ما يثير القلق في هذا الفيديو هو أنه لم يحدث حادث تصادم بالسيارات يضم  سيارة في محل شيك فليه","1"
"أعيد إنتاج الساحر","2"
"هذا لم يكن مضحكًا أبدًا. لقد نقرت على الفيديو ووقفته عند  لأقول ذلك فقط.","0"
"أتساءل ما كانت ردة فعلها عندما رأت هذا لأول مرة ","1"
"هل سيتحدث أحد عن شاشة القفل؟","1"
"شكرًا على إعطائي الأرق. لن أتناول طعامًا في شيك فليه مرة أخرى على الإطلاق","0"
"أحب حقًا صلصة شيك فليه","2"
"مشاهدة ميتكانيون هي متعتي الخفية","1"
"لا صلصة شيك فليه؟؟؟","1"
"مضحك جدًا - حتى بالنسبة لي كإنجليزي","1"
"ما هي تلك الخلفية؟","1"
"لذلك هكذا يتم استقطابك لتكون موظفًا في شيك فليه!","1"
"يبدو أن هذا سيكون حلقة من","1"
"الأخ ربما لا يدرك أنه على وشك أن يصبح صلصة شيك فليه ","1"
"هذه الفتاة في الواقع حقيقية في الحياة الحقيقية ","1"
"سأتوقف عن زيارة شيك فليه ","0"
"فيديو جديد من ميت كانيون من فضلك","1"
"جيت من التيك توك من جاء من التيك توك يصف جنبي","1"
"احب المغنين المصرين لغتهم جميله","2"
"حماقي لو مهما مرت السنين بتبقى أغانيه حلوه جدا","2"
"يالله شو حلوة اهغنية ","2"
"حبيييييييييييييييييت تجنننن","2"
"الاغنيه دي جميله اووي","2"
"لا صوت لا تركيب بس ذنوب على الفاضي","0"
"يربي فشلة برجع","0"
"في الاخير قل خيرا او اصمت","1"
"حراااام عليكم البنت عندها احساس مشاعر وضمير","1"
"بلا هالمسخرة","0"
"تجنن حبوبتي","2"
"جربي تنامي وقت الفراغ","0"
"النهايه يربي تفشلين","0"
"استمري ","2"
" صوتك بشع بشع وقفي غناء ياعععععععع حتى الكلمات ما تعرفينها","0"
"يربي تفشلت بدالها","0"
"صوت حلو والله عجبني","2"
"استمريييييييي احبك","2"
"صوتج يجنن","2"
"حرام عليكي خربتي الأغنية","0"
"حرام تكسرون بخاطرها","1"
"ليش دايم تحبي تفشلي نفسك اتصرفي مثل الناس و لاتفشلي نفسك و صوتك مو حلو عادي في مكثير صوتهم مو حلو ومنهم اني بس ما افشل نفسي و اغني","0"
"ابدا صوتك مو حلو ","0"
"يفشل احذفي","0"
"خربتيها ","0"
" انا احترم اذواق الناس","1"
"صوتك يجنن","2"
"صوتها يقهر يععع خربت ام الاغنيه ","0"
" ما اعرف اتكلم عن الفوتوشوب والا عن صوتك بالراب او بالاغنية كاملة مو حلو ابدا","0"
"ما حبيته أبداً ","0"
"ووععععع","0"
"ليش صوتك مخيس","0"
"وربي انك فنانه استمري ","2"
"اعتزلي","0"
"مع كااامل احترامي لك بس رأيي صوتك يحتاج تدريب","1"
"كيووووووت ","2"
"جميلللللللل","2"
"حبيتتتتت","2"
"والله صوتك حلو جداا","2"
"محتاجة تتعلمين كيف تتحكمين فيه كويس وتسجلين تسجيل واضح اكثر","1"
" انا احترم اذواق الناس","1"
"صوتك يجنن","2"
"صوتها يقهر يععع خربت ام الاغنيه ","0"
" ما اعرف اتكلم عن الفوتوشوب والا عن صوتك بالراب او بالاغنية كاملة مو حلو ابدا","0"
"ما حبيته أبداً ","0"
"ووععععع","0"
"ليش صوتك مخيس","0"
"وربي انك فنانه استمري ","2"
"اعتزلي","0"
"مع كااامل احترامي لك بس رأيي صوتك يحتاج تدريب","1"
"كيووووووت ","2"
"جميلللللللل","2"
"حبيتتتتت","2"
"والله صوتك حلو جداا","2"
"محتاجة تتعلمين كيف تتحكمين فيه كويس وتسجلين تسجيل واضح اكثر","1"
"نحبك","2"
"تنرفزنيي","0"
"ما اغلظك","0"
"ذكريات","1"
"مين يشوف المقطع بعد  سنوات","1"
"كان عمري 5 سنوات والحين عمري ","1"
"هاي","1"
" كنت اشوفها من كنت صغيره ","1"
"كانت مشهورة ومازلت مشهورة ","1"
"مافي صوت ولا سماعتي خربانة؟","1"
"اموت فيك","2"
"كم عمرك؟","1"
"ادعو لامي باالسلامه بكرة عندها عمليه","1"
"وش اسمك؟","1"
"ما احب العاب الفيديو","1"
"اللهم صل وسلم وبارك على سيدنا محمد","1"
"يع والله معهم حق يتنمرو عليهم لو كنت مكانهم كنت ضربتك","0"
"نعم للتنمر","0"
"انتي احسن","2"
"اي تطبيق تستخدمي للادت","1"
"شخصيتك مره حلوه الحين وحتى زمان ","2"
"حرام عليكم الي يتنمرون عليها","1"
"استمري بحبكككك","2"
"عجبني كتير","2"
"انتي كلبه","0"
"إذا حدا تنمر عليكي دافعي عن نفسك ","1"
"مش عارفة ليش اكرهكككك","0"
"بكرررررررهكككك","0"
"الى ما يحب هالنوع من تافيديوهات ليش تدخل أصلا","1"
"انتي ممتازة و متميزة واصلي ابداعك وتميزك","2"
"مو لان ما تحب شخصيتها أو صوتها يعني تسبها وتغلط عليها لأن الله بيرد عليك نفس الشي وبيجي أحد يكرهك ","1"
"بتجنن الفكرة ","2"
"سوي جزء ثاني","1"
"الفيديو صريح ولطيف بشكل ","2"
"كثير حلو","2"
"ماشاء الله عليها مرتب","2"
"طيب بنات السرير مريح ولالا لاني فكرت اني باخذه و متردده بنفس الوقت من ناحيه راحه فيها","1"
"اعملي جوله بغرفتك","1"
"بحبك بحبك","2"
"بكرهك اختك احلى منك بمليون مره ","0"
"مابتعرفي تتصورييي","0"
"ماشاء الله تبارك الله","1"
"انا غرفتي اكثر شي ابيض بيها مثلك","1"
"أحبكم كلكم","2"
"غرفه احلام كل بنت","2"
"اكيد لونك المفضل أبيض","1"
"ممكن اسم البرنامج الذي صورتي به الفيديو","1"
"مدري ليش كل هالكره شفيكم يا ناس وربي انتو اللي تتنمرون كلكم رح يجي واحد يتنمر عليكم ويخليكم ماتنامون كول الليل بسبب الكلام اللي  يجيكم","1"
"ليش كميه الكره هاي انتو غيرانين","1"
"الف مبروك ","2"
"مغفله","0"
"ايش شعورك؟","1"
"حلو","2"
"وش هالغباء","0"
"انا اكرهك ","0"
"يعع","0"
"انت اكبر اكبر اكبر كذابة عرفتها في حياتي","0"
"احبك كثيير","2"
"حبيتك من اول نظرة ","2"
"تعبتتتتتت وانا اتفشل بدالك","0"
"صرتي متكبرة","0"
"هاي انا متابعة جديدة","1"
"ي الله كيوت وهي فرحانه","2"
"هههه","1"
"ليش تبالغين بردة فعلك كثيير","2"
"اكتبولي افكار جديدة وراح اعملها الفيديوهات الجاية","1"
"شكرا على النصيحه يا حبيبتي","2"
"انتي تغارين منهم","0"
"الفيديو هذا هو الغباء وليس القنوات","0"
"اسوأ قناة","0"
" احسن قناة","2"
"حتي قناتك يجب الحذر منها","1"
"انت بارده قوي","1"
"شكرا على النصيحة","2"
"حقا","1"
"نعم ","1"
"شلون يعني؟ ","1"
"اكثر قناه اكرهها","0"
"تدمرعقول الاطفال","0"
"فعلا والله سيئين","0"
"بالعكس","1"
"أنا عمري  و بتفرجهم ","1"
"احسن قناة فادت اطفالي","2"
"قناتك سيئه وبكرهك","0"
"كذااابة","0"
"انا احبك ","2"
"انتي ياغيورة","0"
"انت اصلا تحبين بس نفسك","0"
"شكراً","2"
"وش رايكم بالمقطع ؟","1"
"انا احبك كثير","2"
"رووعتيني","0"
"شكرا على المحتوى المميز","2"
"كل شخص له حرية الختيار.","1"
"وانت محتواك سيئ","0"
"استمري يا اسطوره","2"
"قناه جميله","2"
"حلو استمري","2"
"سيء","0"
"انت تعملي محتوى مو حلو ابدا","0"
"اول واحد مو عراقي","1"
"اول شخص اردني","1"
"انا استفيد من معلوماتك الذكية ","2"
"في أخطاء إملائية في العناوين اللي ذكرتيهم","1"
"ترا علي هو ما قال كذا كملو الفيديو تعؤفو الحقيقه","1"
"حلقه ولا أروع","2"
"شكرا على حبك واحترامك","2"
"انت مجنونه","0"
"مشتركه جديده ","1"
"ماشاءالله عليك","1"
" من اروع صناع المحتوى على السوشل ميديا","2"
"افضل صانعة محتوى في العالم","2"
"سوي جزء ثالث","1"
"انا من اشد معجبينك","2"
" اسوأ محتوى","0"
"شكرا  على معلومات الحلوة","1"
"ياا كثر كذبك","0"
"تكذبين كثييير","0"
"احلى يوتيوبر","2"
"استغفر الله العظيم","1"
"أفضل يوتيوبر بالعااااالم كله مو بس العربي و الله","2"
"اسمك غريب ","1"
"محتواها كتييييييير مفيد ومناسب للاطفال وللكبار","2"
"اقسم بالله يمكن اهم شخص بالانترنت كامل و جدااا محترم ","2"
"احبه ذا الانسان","2"
" شخص مميز اللهم بارك له","2"
"يوصل لك رساله حلوة","2"
"هههههههه","1"
"برد قلبي في المركز الاول كفو عليك","2"
"ناس تافهة فاضية ","0"
"انت روعة انك تعبر عن قهرنا بشكل مضحك","2"
"اطلق حلقة سويتها","2"
"اتقوا الله فيما تنشرون","1"
"افضل انسان فاليوتيوب","2"
"مبدع","2"
"ياخي شكراً من القلب الله يسعدك ","2"
"ههههههههههههههههههههه مت ضحك الحلقه تجنن","2"
"آخر مره شفت لك فيديو قبل 9سنين","1"
"نسويلها حمص","1"
"ضحححككت حييل الله يسعدك بابدر","2"
"هذا الانسان احب وجوده فاليوتيوب","2"
" يبططنييي","1"
"جدا ثقيل دم ","0"
"ههههههه","1"
"والله انت عسل","2"
"محتوى جيد يا بدر","2"
"ما عرفتهم الا منك ","1"
"شكرا لأضحاكنا وشكرا لأن الموضوع يستحق التكلم فيه وشكرا لأنك بردت قلبي ","2"
"ابدعت يا بدر الله يبيض وجهك","2"
"رهيييب ","2"
"لم أحب الفيلم ","2"
" القصة الفعلية حلوة ","2"
" حقاً في حالة تدهور","0"
" فيلم فوضى مليئة بالقمامة","0"
"يمكنني تقييم هذه القائمة بنسبة","0"
"أصبحت أفلام الرعب مجرد قمامة.","0"
" سنة من القمامة المستمرة.","0"
" لقد استمتعت كثيرًا بمدى متعة الفيلم","2"
"أنا متفاجئ من أن الوحش الأسود لم يكن على هذه القائمة.","1"
" قمامة تامة دون أي محتوى على الإطلاق","0"
"أساسا أي شيء وكل شيء قد قدمته كان قمامة ولا أتوقع أن يتحسن الوضع.","0"
" كان سيئًا للغاية و كان لديهما أشرار أسوأ أيضا.","0"
"في الواقع كنت معجبًا بـالفيلم","2"
"لا أتذكر مشاهدتي للفبلم","1"
" نسي أن يضعها على القائمة","1"
"أتمنى حقًا أن يتوقف الناس أخيرًا عن الجنون بسبب الأبطال الخارقين","1"
"هوليوود مليء بالكتاب والمخرجين والمديرين الغير مستوحين وغير الموهوبين اليوم.","2"
"القائمة لم تكن سيئة.","2"
"لقد نسيت تمامًا عنه","1"
" كان أسوأ بكثير من الأفلام الأخرى","0"
"أنا مستاء للغاية","0"
" سيء للغاية لدرجة أنني لم أسمع عنه من قبل هذا الفيديو.","0"
" أسوأ فيلم رسوم متحركة تم عرضه في السينما على الإطلاق (حتى الآن على الأقل).","0"
" سأأخذ بكل سرور نصائحه من أجل قصتي. إنه صريح ولكنه عادل.","2"
"يعلمون الآن أن أفلامهم سيئة ولا يهتمون","0"
"ما هو أسوأ شراء تقني قمت به؟","1"
"لدي والدي نفس لوحة المفاتيح وهي جيدة حقًا.","2"
"باع والدي لوحة المفاتيح","1"
"أنا أحب تجربة لوحة المفاتيح الميكانيكية، لقد استخدمتها لمدة  سنوات دائمًا أنها الأفضل","2"
"أسوأ منتج تقني قمت بشرائه","0"
"مرحبًا.","1"
"آسف.","1"
"لا.","1"
"لقد تم التصويت ألف مرة الآن.","1"
"شكرًا لك على إخبارنا بعدم شراء هذه العناصر ","2"
"ما هو برنامج التحرير الذي تستخدمه؟ ","1"
"يا رفاق، عليكم أن تتعلموا كيف تكتبوا.","1"
"هذا هو السبب في أن السيارات الكهربائية سيئة","0"
" الإصدار الجديد منه سيء للغاية","0"
"أستمتع بمراجعة جيدة!  ","2"
" يحتوي على الكثير من القصص الفرعية غير المهمة.","1"
"هو المفضل الخاص بي ","2"
" الأولى التي قرأتها وكانت مملة لي وسيئة.","0"
"لذا أنا أستمتع بوجهة نظرك ولكني لا أتفق بشأن ذلك بكل احترام ","1"
" يبدو كإعادة تحديث سيئة","0"
"كان جيدًا للغاية بالنسبة لي! ","2"
"شكرًا لك!!!!","2"
"متحطم للغاية لعدم إعجابك","0"
"أحبك أنت جذاب جدًا","2"
"هذا الفيديو يثبت مدى جودة ذوقي الفعلية","1"
" الشخصية الأولى كانت في الواقع واحدة من الأشياء التي لم أحبها بشكل كبير","0"
" هذا الكتاب غير نظرتي إلى الروايات إلى الأبد. مذهل حقًا.","2"
"أحد أقل كتبي المفضلة","0"
" الشخصية الرئيسية مزعجة للغاية وتثير اعصابي","0"
" هذا جعلني أضحك بشدة","1"
" كانت رائعة","2"
"هل لاحظ أي شخص عنوان الفصل","1"
" الروائي هبط في المرحاض مثل القرف!!","0"
"سيييء للغااية!!!","0"
" لدينا أذواق مختلفة جدًا","1"
"الفيديو سيء للغاية، لم أستمتع بمشاهدته على الإطلاق.","0"
"لم أشعر بأي شيء خاص أثناء مشاهدة الفيديو.","1"
"رائع جداً! استمتعت بكل لحظة في هذا الفيديو.","2"
"لم يكن الفيديو بالمستوى المطلوب، يحتاج لتحسينات كبيرة.","0"
"أحببت الطريقة التي قام بها المصور بتصوير الفيديو، ممتع للغاية.","2"
"ما في أي فائدة من هذا الفيديو، أحسست بالملل طوال الوقت.","0"
"لا أستطيع التعبير عن مدى إعجابي بالفيديو، لم يكن جيداً ولا سيئاً.","1"
"تمكن الفيديو من إلهامي وتحفيزي، شكراً للمشاركة.","2"
"كان الفيديو ممتعاً ومفيداً، أنصح الجميع بمشاهدته.","2"
"الفيديو غير مفهوم على الإطلاق، لم أستوعب فكرته أبداً.","0"
"موت خلايا دماغي.","0"
"القطة مضحكة","2"
"القطط بدون موهبة.","0"
"أنا أبحث عن فكرة لهدية عيد الميلاد، أي اقتراحات؟","1"
"القطط أكثر إزعاجًا.","0"
"أين يمكنني شراء هذه النظارات الشمسية الرائعة؟","1"
"هذا الفيديو جميل","2"
"أنا بحاجة إلى تلميحات لتنظيم وقتي بشكل أفضل، هل يوجد أي شخص يمكنه مساعدتي؟","1"
"أرغب في قطة مثلها","2"
"هل هناك فيديوهات أخرى لهذه القطة؟","1"
"هل القطة تفعل هذا بشكل طبيعي أم هناك شيء يحفزها؟","1"
"القطة تجعلني سعيداً","2"
"القطط بحاجة لتحسين.","0"
"فيديو رائع","2"
"سماع صوت مسامير.","0"
"أريد قطة مثلها","2"
"هل يوجد أي شخص يحب السفر بالقارب؟","1"
"هذا الفيديو يجعل يومي أفضل","2"
"مضحك كتدقيق الضرائب.","0"
"لقد نسيت أن أروي نباتاتي اليوم!","1"
"هل تم تدريب القطة للقيام بذلك؟","1"
"استرداد وقتي.","0"
"‏هل استطيع فعل ذلك مع قطتي","1"
"بدون روح مرحة.","0"
"أريد قطة مثلها","2"
"هل يوجد أي شخص يحب ركوب الدراجات؟","1"
"أنا مدمن على مقاطع القطط المضحكة","2"
"حفرة سوداء للفكاهة.","0"
"أنا أحب القطط، هم جميلون ومسليون","2"
"‏لا يعمل الفيديو","1"
"يهدر الإمكانات.","0"
"أين يمكنني العثور على هذه الأغنية الرائعة؟","1"
"غير مضحك على الإطلاق.","0"
"‏نريد المزيد","1"
"ما هو الكتاب الذي تنصحونني بقراءته؟","1"
"القطط بحاجة لتحسين.","0"
"القطط مضحكة كجراحة الجذور.","0"
"المزيد من الكوميديا.","0"
"هل يعرف القط كم هو مضحك؟","1"
"ما هو الحيوان المفضل لديكم؟","1"
"أنا متحمس للعطلة القادمة، هل هناك أي شخص ينصحني بوجهة سفر؟","1"
"استرداد الوقت.","0"
"قطة لطيفة جدًا","2"
"القطط تحاول أن تكون مضحكة.","0"
"أضحكتني القطة كثيرًا","2"
"القطة مضحكة جدًا","2"
"سيئ للغايه","0"
"لا يحتوي على لحظات مضحكة.","0"
"ما هي وجبتكم المفضلة لتناول الإفطار؟","1"
"أنا أحب القطط","2"
"أحب القطط","2"
"ما هي اللعبة المفضلة لديكم في جميع الأوقات؟","1"
"أين يمكنني شراء هذه اللعبة الجديدة؟","1"
"لا أستطيع التوقف عن الضحك","2"
"هل هناك أي شخص يمتلك خبرة في تصميم الجرافيك؟","1"
"ما هو رياضتكم المفضلة لممارستها؟","1"
"هل تعرفون أي مكان جيد لتناول العشاء في المدينة؟","1"
"فاشل تمامًا.","0"
"رد فعل القطة كان مذهلًا","2"
"لا يحمل أي طابع كوميدي.","0"
"‏كيف استطيع الحصول على المزيد","1"
"‏هل يمكنني تحميل الفيديو","1"
"ضحك عند طي الملابس.","0"
"هل يوجد أي شخص يفضل الشاي على القهوة؟","1"
"القطة مدهشة","2"
"ليس كل شيء مضحك.","0"
"هل هناك أي شخص يملك نصيحة للتغلب على الضغوط؟","1"
"أتمنى أن أملك قطة مثلها","2"
"يضيع خوادم يوتيوب.","0"
"ما هي أفضل طريقة للتخلص من الإجهاد؟","1"
"أبهجتني القطة","2"
"يفتقر إلى التوقعات الكوميدية.","0"
"أنا مغرم بكل شيء يتعلق بالقطط","2"
"بلا متعة.","0"
"هذه القطة تجعلني سعيدًا","2"
"الفيديو رائع جداً","2"
"أنا بحاجة إلى تلميحات لتنظيف المنزل بسرعة، أي اقتراحات؟","1"
"أنا لا أفهم الضجة.","0"
"القطة مدهشة","2"
"أنا أحب القطط اللطيفة","2"
"‏ ‏ ‏لماذا لا استطيع الاشتراك في القناة","1"
"أضحكتني القطة كثيراً","2"
"رد فعل مضحك للقطة","2"
"هل تقوم القطة بأشياء مضحكة بانتظام؟","1"
"لا يثير الضحك.","0"
"هل تمتلك القطة ألعابًا خاصة بها؟","1"
"هل يوجد أي شخص يمتلك نصيحة للحصول على شعر صحي ولامع؟","1"
"أريد قطة مثلها","2"
"ردة فعل القطة مذهلة","2"
"أنا أعشق القطط","2"
"مَن يجد هذه الأشياء مسلية؟","0"
"غير مضحك على الإطلاق.","0"
"القطة عجيبة","2"
"‏ماذا يمكن ‏أن يكون","1"
"من أي نوع هذه القطة؟","1"
"القطط أكثر إحراجًا.","0"
"ممل من البداية للنهاية.","0"
"هل أنتم تحبون القطط المضحكة؟","1"
"هل تعرف كيف تفعل هذا القط؟","1"
"ما هي الأغنية التي لا تفارق ذهنكم في الوقت الحالي؟","1"
"القطة ساحرة","2"
"يفتقر إلى الجاذبية الكوميدية.","0"
"‏أين أجد مثل هذه القطط","1"
"ممل جدًا.","0"
"ملل","0"
"ماذا حدث للكائن الذي كان يلاحقها؟","1"
"أوه يا لها من قطة لطيفة","2"
"قطة مدهشة","2"
"ليس مسليًا على الإطلاق.","0"
"القطة تجعلني سعيدًا","2"
"لا يستحق المشاهدة.","0"
"هل يوجد أي شخص يمتلك نصيحة للحفاظ على التركيز؟","1"
"ضعيف وغير مسلي.","0"
"فيديو رائع","2"
"يفتقر إلى الروح المرحة.","0"
"القطة تجعلني سعيدًا","2"
"هذا الفيديو مضحك جداً","2"
"لا يمكنني التوقف عن الضحك","2"
"‏الاسد من القطيات هل هذا صحيح","1"
"القطة موهوبة","2"
"ردة فعل القطة رائعة","2"
"ما هو الفيلم الذي جعلكم تبكون بحرقة؟","1"
"هههه قطة مضحكة","2"
"إهدار للبيانات.","0"
"أنا أحتاج إلى اقتراحات لأفلام جديدة لأشاهدها!","1"
"قطة لطيفة","2"
"مستمتع بالضحك","2"
"هل قام أحد بمشاركة هذا الفيديو بالفعل؟","1"
"طلاء يجف أفضل.","0"
"أنا جائع، هل يمكنني طلب بيتزا؟","1"
"لا يحقق الغرض من الفكاهة.","0"
"من هنا يمكنني أن أشتري هذا القميص الرائع؟","1"
"قطة سعيدة","2"
"يفتقر تمامًا إلى الفكاهة.","0"
"مزحة غير جيدة.","0"
"القطط بحاجة لتغيير مهنتها.","0"
"ليس مضحك","0"
"قطة ساحرة","2"
"هذه القطة مضحكة جدًا","2"
"القطط يجب أن تكون عادية.","0"
"ضحك في جنازة.","0"
"ما هو الفيلم الأخير الذي شاهدتموه في السينما؟","1"
"القطة لطيفة جدًا","2"
"مخيب للآمال.","0"
"‏ماذا يحدث","1"
"القطة تسعدني","2"
"أتربة أكثر متعة.","0"
"انتبهو لعزيز و ابو عبير لا يطق عندهم عرق","1"
"الفوز والله ابوعبير وعزيز يستاهلون","2"
"شكل عسكريم عزيز و ابو عبير ","2"
"عدوله وش هالتان كنت احسبك مصور المقطع بعد بالي","1"
"ان شاء الله عجبكم الفيديو ولاتنسون تشتركون!! بس قولو الصدق من احسن فريق انا وللي او ابو عبير وعزيز ","2"
"الحده مليون","1"
"ليلي يوم يقول يخي ايش هذا الاسكريم هههههههههههههههههههههههههههههههههههههههههههههههههههههههههههههههههههههههههههههههههههههههه","2"
"عادل انتبه ترا دكتور فود نص منتجاتهم يستخدمون الخنزير فا انتبهو","1"
"شو اسم مدرسه جاد واياد","1"
"شكله خايس ","0"
"انتبه من المستورد اغلبه الجيلاتين حق خنزير","1"
"فريق  ابو عبير و عزيز   ما قصرو حتا فريق للي و صالح  ما قصرو ","2"
"الفيديو عبارة عن تسليك","0"
"حلفكم كثير خصوصًا ابو عبير{ وَاحْفَظُوا أَيْمَانَكُمْ } عن الحلف بالله كاذبا،وعن كثرة الأيمان واحفظوها إذا حلفتم عن الحنث فيهـا، إلا إذا كان الحنث خيرا، فتمام الحفظ: أن يفعل الخير، ولا يكون يمينه عرضة لذلك الخير","1"
"وش هالاصوات الخايسه","0"
"استاذ امجد من مصر","0"
"عدوله وللي مستقبل اليوتيوب.......انتهئ","2"
"عندي فكره ايش رايك تطلب صندوق عشوائي من متاجر الاجنبيه حق اكل و تقيمون افضل","1"
"الحق مع فريق ابو عبير","1"
"احا يوتيوب علق","0"
"افضل ما بالمقطع توجيه رسالة مهما كان العمل لا يلهيك عن الصلاة","1"
"اجحدها اتابعك من الف","1"
"اشتهيت ايسكريم","1"
"قرف ","0"
"ناااحف ياعادل","2"
"تمثيل ","0"
"مو حلو ","0"
"عادل حاول تقلل من كلمة هيه","0"
"الاصوات وهم ياكلون ماقدرت اكمل المقطع ","0"
"ابو عبيرووو عزيز","1"
"سيدي حسن يا كبتشينو","2"
"انزين اش دخل انو نصلي على النبي ولله احس انك محشش او تستغل الاسلام هاذولي الناس حمير","0"
"الله يحميه ان شاء الله بتشوفوه باعلى المراتب","2"
"بالتوفيق لسنود بالروضة ","2"
"بلغي المتابعه ","0"
"كيف اقنعكم انا ماحب  كاتشب معا كل الاشياء يعني ممكن عشرة عشرين شي اكتب معا كاتشب","1"
"‏عزيز اسكتي أنت ايوه يا كلب أطلع يا ويلك تسوي لا تتكلم مع صالح هذا حقنا صالح نحبه أنت الفيديو فيديو","0"
"كنت بشوف المقطع بس الموسيقى حرمتني وخايسة ترا","0"
"عزيز بلاه كم عمرك يوم تتورعن","0"
"يعععع ","0"
"قد أفلح من صلى على محمد وآل محمد ","1"
"ياربي خلاص ","0"
"محتوى رهيب يا ليت لو تشتغل على موضوع الجوده تكون افضل ، استمتعت و أنا اتفرج","2"
"يخي ليش الشاربنس مره عالي؟","0"
"يععع الي متى","0"
"الصوتتت","0"
"سبحان الله وبحمده ","2"
"المقطع رهيب ","2"
"الموسيقى مستفزة وسيئات جارية","1"
"الأسلوب خااايس ليش يصرخ عليهم وين عايشين","0"
"واضح يغشوون محد مصدق ","0"
"مقطع برعاية تسليك ابو عبير","0"
"سخيف","0"
"اكرهك","0"
"مدرسة جاد وإياد القديمه العالميه كاتب ارتب و ارقى  هذي ضيييم","1"
"مايجووووز قول ورب المصحف","0"
"ماشاء الله يا حبيبي الف مبروك عقبال الجامعه ياااارب ","2"
"ههههههههه حماس البداية الله يحفظه","2"
"نبي فديو ثاني مع باقي العيال","2"
"مشاء الله تبارك الرحمان","1"
"سبحان الله وبحمده سبحان الله العظيم","1"
"نبي جزء ثاااني","2"
"ابوعبير اذا قال بدون مجاملة اعرف انه يسلككككك الف","0"
"سنود الحلو الله يحميك من كل شر","2"
"نصيحة: اقرا المكونات بالبداية، لأن اغلب منتجاتهم فيها بورك غلوتين، من مشتقات الخنزير المحرمة<br>وقاطعوا المنتجات الداعمة لاسرائيل، وادعوا لاخواننا في فلسطين","1"
"ماشاء تبارك الرحمن الله يحفظها","2"
"يا عصوم فهمونا انت قلت أنا درست فهاي المدرسة بص انتم كبرتو في الاردن","2"
"والله مقطع ممتع حسيت اني معهم","2"
"عادل","2"
"ازعجتونا ","0"
"لا الاخيره مهيب تسليك","0"
"ابو عبير : بالله سامحنا","1"
"يا اخي احلى تقدير لابو عبير كل ما يطالع شي بعطي لعادل لأن مقطعه ","2"
"وجيهم تسد النفس ","0"
"استاذ امجد من مصر ","1"
"غش هههههههه","0"
"عادل والله بتكون سلسلة اسطورية خلك انت وابوعبير بس تكفى تستمر فتره طويله","2"
"أبو عبير مووووو طبيعي القبوووول كثر مقاطع معه يضحكنييي وربي","2"
"ماشاء الله ماشاء الله الله يحفظو","2"
"الله يبارك مشاءالله بصحته","2"
"ماشالله عليه هالطبوش الصغير","2"
" ابغى اشوف البلاستيشن بعيوني ..ماعمري شفته في حياتي ..يارب افوز واشوفه قبل اموت","1"
"أبو عبير يبالغ بردة الفعل ويزعق ويحلف كثيير وعلى أي شي (ولا تجعلوا الله عرضة لأيمانكم) مرة استفزاز خرب المقطع","0"
"شو اسم مدرسه جاد واياد","1"
"ماشاءالله اسرع نمو ","2"
"يبيلك تخفف الشاربن شوي يعادل","0"
"بالله سامحنا تكفى ياخي تكفى بنصرع","1"
"فريق ابو عبير يفوز انت فريق صالح يركب غشاشين ايش توقفون وراء ابو عبير","0"
"والله العظيم ان جودة  الكاميرا عالية جدا ","2"
"الصوت يسد النفس ما اقدر اتحمله خلااااااص ","0"
"غلط عليكم أصلا مفروض بديتو من الأول ","0"
"ابو عبير يسلللكك","0"
"لاااا ما حبيتكم","0"
"ربي يحفظه ويبارك فيه ان شاء الله بنشوفه في أعلى المراتب","2"
"والله طلعت مربحة سيارات الايس","1"
"من قَصة الظاهرة  الى قَصة الظاهرة عام ","1"
"اقسم بالله ظلم ","1"
"هههههههه","2"
"ياملح سند وكلامه كنه افلام كرتون يجنن هذا العمر ","2"
"عصومي انت كلش شغل انت","0"
"رياكشناتكم تموت ضحك","2"
"تسليك ابو عبير ل عزيز ","0"
"عدول الموسيقى شلها","0"
"اقوى تسليك ","0"
"الله يكتب الاجر لكل معلم ومعلمة","1"
"طفشتونا تراكم ","0"
"واضح ان المقطع كان المفروض يتصور مع ابو عمر  شكرا ابو ","0"
"ياعادل وين رابط التيليجرام حقك","1"
"اقرو الفاتحه ع روح جده وجدو امانه","1"
"ليش الموسيقى بالخلفيه ياخي الله يهديك","0"
"كنت متحمسة للفيديو بس الموسيقى مرة مزعجة","2"
"عندك ولد خالك اسم ماهر تره  خاويي","1"
"ماشاء الله ماشاء الله  يحفظو","2"
"ابو عبير روحه حلوه ماشاءالله","2"
"ياعمري يا شيييخ","1"
"نبي اسم الموقع نطلب منه","1"
"ياعمرري عادل نحفاان او محلق ومتضبط صغران وجهك ","2"
"احسن فريق صالح","2"
"سنوب دوق مغني","1"
"حلمي يجيني إشعار متابعة جديدة","1"
"بالتوفيق يا سند ","2"
"جربو تشوكلت الهبه اسمه  اهم شي اطلب اللي بالفستق شكله لذيذ","2"
"ليش وحهه زي كذا ","0"
"مدرسة جاد وإياد القديمه العالميه كاتب ارتب و ارقى  هذي ضيييم","1"
"ليه لون الكاميرا احس فيه شي غريب كذا","1"
"اح","1"
"بالتوفيق لسنود بالروضة ","2"
"التصوير ليه كذا","0"
"مشاء الله تبارك الرحمان","2"
" ماعمري شفت بلاستيشن الا بالمقاطع ..يارب افوز به ..بس سؤال هو يشتغل على بطاريات ولا كهرباء لأنه ماعندنا في بيتنا كهربه","1"
"عسل مع بعض ","2"
"الصوت يقرفففف","0"
"انتبهوا وابحثوا عن الحلال.. تراهم يستخدمون الخنزير بأغلب منتجاتهم","1"
"انتبه من الموسيقى ذنوب جاريه","1"
"افضل ناس","2"
"ادعولي اطلع معدل امانه","1"
"ياعمري ابو عبير","2"
"فل نرى محبين الااستغفار","2"
"عادل القصه مو لايقه عليه ابدد","0"
"ربي يحفظه ويبارك فيه ان شاء الله بنشوفه في أعلى المراتب","2"
"ههههههههههههههههههههههههههههههههههههههههههههههه ابو عبير سلك ل عزيز","0"
"ههههههههه حماس البداية الله يحفظه","2"
"مقاطعة","1"
"ياعادل شيل الموسيقى والله مالها داعي و تكسبك ذنوب تخيل كل واحد يشوف المقطع تكسب ذنب","1"
"عزيز بكل التحديات يشخصنها ويعطي ردات فعل مبالغ فيها ما حبيت ابدًا ياليت تكون روحه رياضية اكثر، احبه والله كثيير لكن تمنيت يخفف شوي","0"
"مرحبين واااااااااااااااااااااااااااااااجد","2"
"ماشاءالله ","1"
"ماشاءالله ","2"
"يععع","0"
"بسة حقت مين؟","1"
"مشاء الله سنودي","2"
"الموسيقى ازعاج","0"
"ترا الموسيقى مزعجه ياعادل","1"
"تبارك الله احبكم الله يرعاكم أنا أم وعمري أربعين سنه لكن احب عيلتكم ربي يحفظكم ويخليكم لاولادكم كم عمر سند صار ربي يحفظه","2"
"مافيه اي طعم للتحدي وفريق معه وافل والثاني لا","0"
"نبي جزء ثاني مع باقي اعضاء فالكون","2"
"مو حلو ","0"
"احترموا النعمة","1"
"يسسس يسسسسسس اوبلز وللي فازووووو ","1"
"سفره بالي احد منهم منزلها ؟؟","1"
"ياملح سند وكلامه كنه افلام كرتون يجنن هذا العمر ","2"
"تسليك أبو عبير رهيب ","0"
"ماشالله عليه هالطبوش الصغير","2"
"عصومي على اقل احترم الأستاذة  كل شوي ترفع راسا عليك دشوف شو في اشهل الضحك المزعج عيسجلون الولد مش قاعد بمسرحية ضحك وكركرة بصوت عالي ليش امك وابوك ماعلموك الضحك بأدب","2"
"قبيححح","0"
"وش هالتمثيل الزبال","0"
"استهبال ولعب مبزره ","0"
"بقولكم شي يمكن تجهلونه واعتقد كثير يجهله عن السلام  وهو انه رد السلام ع  واجب اما ع الجماعه فرض كفاية اذا قام به البعض سقط عن الباقي","1"
"احد يعرف وين ألاقي هالمنتجات","1"
"تسليك ابو عبير ","0"
"مشاء الله سنودي","2"
"ياااطيييسب قلب ابو عبير ماشاءالله","2"
"ماشاءالله اسرع نمو ","2"
"الله يكتب الاجر لكل معلم ومعلمة","1"
"مل تضحكون","0"
"نايس لعب","2"
"ايس كريم ولا ايس بخيل ها ها ها ها ","1"
"والله رهيب المقطع ","2"
"فريق ابو عبير. و عزيز مظلومين","1"
"ابو عبير لكل شيء يسلك يا اخي بطل تسليك","0"
"لا إله إلا الله / استغفرالله / لاحول ولاقوة إلا بالله ","1"
"مفروض تسمى المقطع اساطير التسليك","1"
"احلى اثنين مع بعض","2"
"الله يسعدكم ياحبايبببب ","2"
"يسلك أبو عبير مو حولهم","0"
"احبكم مره وانتو اكثر ناس تضحكوني مع للي ","2"
"﴿إِنَّ اللَّهَ وَمَلَائِكَتَهُ يُصَلُّونَ عَلَى النَّبِيِّ يَا أَيُّهَا الَّذِينَ آَمَنُوا صَلُّوا عَلَيْهِ وَسَلِّمُوا تَسْلِيمًا﴾","1"
"يلتنجي","1"
"ظلمم والله ظلم ياخي قهر كنت متوقعه ابو عبير وعزيز بس عوافي ومبروك لاوبلز ولليشن","1"
"ادعولي اطلع معدل امانه","1"
"اشتركت عشان ابو عبير قال اذا منت مشترك اااااااشترررك","2"
"للي االزين عندنا والشين حوالينا (حياله) هههههههههههههههههههههههههههههههههههههههههه","2"
"اعتزلو ","0"
"بالتوفيق يا سند ","2"
"مقدمة عدوله : السلامللبعبمببيكييييم مع بوعبير ","2"
"صوت المضغ ههههههههههههههههههههههههههههههههههههههههههههههههههههههههههههههههه هههههههههههههههههههههههههههههههههههههههههههههههههههههههههههههههه","1"
"صل على رسول الله","1"
"يااخي الموسيقىى تكفىى ابيي اتااابع الفيديوو","1"
"حلمي يجيني إشعار متابعة جديدة","1"
"الموسيقى ازعاج يالعدلي","0"
"احبكم","2"
"مقطع تجربت الأكل مقطع أصوات أكل","1"
"ابلش اشتهيت ايسكريم هههههه","1"
"والله ملابس ام الوليد جميل جداً وساتر. فضفاض جميل انا احبها. انا ام عبد العزيز من السعوديه","2"
"ايسكريم للي وصالح واضح لذيذ","2"
"عصومي انت كلش شغل انت","0"
"غش هههههههه","0"
"الفلوس وصخ الدنيا انتبهو ","0"
"يع ","0"
"سيئ","0"
"يرفعون الضغط ","0"
"ابوعبير تسليك لا نهايه","0"
"اقرو الفاتحه ع روح جده وجدو امانه","1"
"سبحان الله وبحمده سبحان الله العظيم","2"
"واذا ما كانت مشترك؟","1"
"يا صالح ايش رايك انك تسوي كيدا في حي غرناطا ","1"
"خياس ","0"
"واذا منت مشترك !!؟","1"
"الله يبارك مشاءالله بصحته","2"
"و اذا كن مشترك....","1"
"اقسم بالله ان عادل افضل يوتيوبر يفهم الوقت ما يقدر يزعل حد  لازم ينزل ويسعدنا ","2"
"وش هالسمنه","0"
"المحتوا جميل جدا بس لوتشيل الموسيقه","2"
"كل هذا عشان الفلوس ","0"
"ماشاء تبارك الرحمن الله يحفظها","1"
"شغل سيئ","0"
"بين أي دولتين يقع مضيق هرمز؟","1"
"تكفا قولوا حق المذيع لا سولف بالغليزي  ","0"
"فريق سهل قووي","2"
" فرقها عن  سنة يعني بالمارجنز والسؤال كان حق سهل فالفوز بالجولة لهم .

الاعتراض كان بمحله بس يدرون انهم فايزين فمشوها كفو ","1"
"صراحه هالفترة قام اتابعكم وايد استمرو","2"
"عيب لما المذيع يكون متحيز مع الحريم بالطريقة هذه","0"
"والله ظلمتوا الشباب حيل","0"
"ابداع ","2"
"المفروض اتكون الحلقه بنات ضد بنات، اما شباب ضد بنات احس لان البنات عادتا مو صوب الكرة","0"
"المذيع جدا كان منحاز لفريق البنات وفريق سهل انظلم السؤال لهم يعطي نقاطه لفريق البنات","0"
"المذيع واضح كان يبي البنات يفوزون","0"
"وين سؤال الكومنتسسسس","1"
"فريق سهل استغل الفئات الرياضية ","0"
"فعلاً عبدالرحمن انسان محبوب بأخلاقه وكرمه وشخص محترم  واهله ناس طيبين يدخلون بالقلب بدون استأذان الله يتمم عليهم السعادة والفرح ","2"
"اللهم صلِّ وسلم وبارك على نبينا محمد","1"
"حلقة جداً رائعة وممتعة وتمنيتها ما تنتهي  لقاء جداً سلس وبسيط ووسيع صدر حيييييل  صدق بدا اللقاء بمعاناته أيام الاصابات  وتأثرت كثيييير بكلامه لكن بعدها استمعت كثير وانتهى اللقاء بضحك وعفوية مع اللعبة الجميلة 
شكراً عبدالله الحسين على استضافة عبدالرحمن السدحان  والله يوفقه في مسيرته ويحقق له مبتغاه ","2"
"مقدم و ضيف  رائعين ، التصوير  و الاستديو مثالي ","2"
"اجمل شي في الحقله المقدم اعطى المجال التام لضيف انه يتكلم بشكل مريح بدون مايقاطعه او يشتته","2"
"ياخي ابو سدححح احبه حب عظييييييييم هالرجل ","2"
"يا اخوان عبد الرحمن من عائلة محافظة ولا مُتفتحة ؟ لأني لما أشوف سنابه مرات أقول كذا ومرات كذا","1"
"اثر فيني وازعجني موقف الدكتور وكلماته السلبيه والسامه في وقت حساس ومعنويه محبطه وقد يصنف انه من الاطباء الذين مع الاسف يفكرون بأنانيه قد يكون بسبب عجزه عن القيام بمثل هذه العمليه او لم تمر عليه او لا يمتلك الخبره فيقدم سمعته الكبيره وخبرته العريقه والتي بظنه ستخدش لو أقر وافصح بالحقيقه لكنه فضل ان يحطم مريضه ويقتل التفائل فيه ويهديه العجز ليحافظ هو على صورة الطبيب المعروف المتمكن الخبير الفذ . لو كان فعلا مااظنه صحيح لابارك الله له ولا ادام له هذه الوظيفه الساميه والانسانيه المليئه بالعطف واللطف والرحمه. لايستحقها. ","0"
"لاتوقف بودكاست برنامج ناجح جداا","2"
"يخوان يتشابهون اصوات بعض شغلت البودكاست صوت ماقدرت افرق من اللي يجاوب ع الثاني","1"
"الحمدالله عل السلامة ما تشوف شر وعلى أجر ان شاء الله يارب","1"
"حب كبير لك من هنا الخرجكم مدري انت من وين بس ","2"
"ماني من متابعينه الحلقه جدا ممتعه وشخصيه لطيفه","2"
"عبدالرحمن راقي ماشاء الله ","2"
"يشبه رياض محرز كثير","1"
"محد شاف اللي طلع ورا الطاوله؟ ","1"
"بصراحة اول ضيف اسوي سكيب لسوالف وامشي كثير.. ماش ماحبيت سوالف الاصابات.","0"
"السدحان إنسان محترم وحبوب ما حسيت بالوقت وهو يسولف الله يحفظه","2"
"المطلوب ان نترك السير والتراجم وامهات الكتب ونستمع لهذا الجيل ؟! الحديث عن المشاهير والذين للاسف نالوا مالا يستحقون","0"
"المعنى المراد تداوله حسب وجهة نظركم ايهام لعقول النشئ الصغار في السن ممن هم دون البان هولاء التافهون اكثر اهميه من المعلم الذي يعمل الف دقيقه سنويا و ينشى جيل ويقرأ في التخصص والطبيب الذي يعالج ويمارس والمهندس الذي يخطط والشيخ الفقيه ؟!!! هولاء يكرمون ؟!!","0"
"صراحه انا عرفت عبد الرحمن  من بعد هالحلقه ، انسان راقي جداً، وصراحه عبدالله مايقصر اغلب الضيوف مانحس بالوقت واحنا نسمع سوالفهم ، بالتوفيق","2"
"عنده ذكاء اجتماعي قوي ماشاءالله","2"
"ما حبيته سواليفه كلها درامااا طحت ، زلقت ، اندعست خلااااص","0"
"من الشوق رجعت اشوف الفلوقات القديمه","2"
"بما ان فيصل يروح للقصيم دايم اوصّيه يجرّب مطعم شاورما رهيب لحم بالبكيرية اسمه نهاوند الذ شاورما لحم قد ذقتها","1"
" بسم الله عليك من الجلطه لا تقول كذا","2"
"من كثر الشوق جالسه اعيد ڤلوقاتهم","2"
"فلوووق جمييل","2"
"الفرع الي رحتو يمو حلو","1"
"اول مره اشوف فيصل مبسوط كذا الله يديمها عليكم ","2"
" تأثير الفيصل
يبدو الوليد سعيد جداً بسبب فصلات الفيصل😂","1"
" اسلم يا الشخصنة","1"
"احتاج كثير من هالفلوق ","2"
"فيه فرق بين العجينة الكلاسيكية و السميكة كان قلت له سميكة <:","1"
"مو برياض","1"
"القصيم البدائع","1"
"اتمنى كل المطاعم تعجب الفيصل عشان يروق كذا دايم","2"
"هاذي بان ولا سميكة ولا رقيقة ؟","1"
"فيصل بهالحلقة ضححححححك ياربيه وصلت حوالة المطعم مريض","1"
"المصداقية عندكم
ال  عن الذمة","1"
"والله بهذي اللحظة فاتحة الحلقة واذن الفجر ولا قصرت الصوت نفس دايم تذكرت انه مافي موسيقى شكررررررررًا استمروا بدون ذنوب جارية ومن نجاح لنجاح يارب","2"
"هنا فيه شمس ثانية الشمس الرائعة الشمسُ","1"
"صغارين لهجتكم حلوه توني ادري انهم قصمان ","2"
"متى بتجربون بيتزا -ليتس بيتزا- ","1"
"ترا فيه العجينه الكبيره وفيه اللي ضعيفه يابسه وهذي جديده عندهم متوسطه واشوفها هي الافضل","1"
"افضل ما قيل بالمدح
ليتنا مسوين دعاية عشان امدح زود","2"
"المقطع جميل  وبالنسبة للأسعار منطقية بالنسبة لأسعار البيتزا العامة وشخصين بعد ف طبيعي السعر أحس","2"
"كم باقي فرعع في العالمم مهي افلست كيف باقي في السعوديه ممكن توضيح يأهل الخبره","1"
"سبحان الله عدد ماخلق
سبحان الله ملء ماخلق
سبحان الله عدد مافي السماوات والأرض
سبحان الله ملء مافي السماوات والأرض
سبحان الله عدد ما أحصى كتابه
سبحان الله ملء ما أحصى كتابه
سبحان الله عدد كل شيء
سبحان الله ملء كل شيء
________________________________

الحمد لله عدد ماخلق
الحمد لله ملء ماخلق
الحمد لله عدد مافي السماوات والأرض
الحمد لله ملء مافي السماوات والأرض
الحمد لله عدد ما أحصى كتابه
الحمد لله ملء ما أحصى كتابه
الحمد لله عدد كل شيء
الحمد لله ملء كل شيء
________________________________

الله أكبر عدد ماخلق
الله أكبر ملء ماخلق
الله أكبر عدد مافي السماوات والأرض
الله أكبر ملء مافي السماوات والأرض
الله أكبر عدد ما أحصى كتابه
الله أكبر ملء ما أحصى كتابه
الله أكبر عدد كل شيء
الله أكبر ملء كل شيء ________________________________

لا إله إلا الله عدد ماخلق
لا إله إلا الله ملء ماخلق
لا إله إلا الله عدد مافي السماوات والأرض
لا إله إلا الله ملء مافي السماوات والأرض
لا إله إلا الله عدد ما أحصى كتابه         
لا إله إلا الله ملء ما أحصى كتابه
لا إله إلا الله عدد كل شيء
لا إله إلا الله ملء كل شيء
________________________________

لاحول ولاقوة إلا بالله عدد ماخلق
لاحول ولاقوة إلا بالله ملء ماخلق
لاحول ولاقوة إلا بالله عدد مافي السماوات والأرض
لاحول ولاقوة إلا بالله ملء مافي السماوات والأرض
لاحول ولاقوة إلا بالله عدد ما أحصى كتابه
لاحول ولاقوة إلا بالله ملء ما أحصى كتابه
لاحول ولاقوة إلا بالله عدد كل شيء
لاحول ولاقوة إلا بالله ملء كل شيء 
________________________________

أستغفر الله عدد ماخلق
أستغفر الله ملء ماخلق
أستغفر الله عدد مافي السماوات والأرض
أستغفر الله ملء مافي السماوات والأرض
أستغفر الله عدد ما أحصى كتابه
أستغفر الله ملء ما أحصى كتابه
أستغفر الله عدد كل شيء
أستغفر الله ملء كل شيء
________________________________

اللهم صل وسلم وبارك على نبينا محمد وعلى آله وصحبه أجمعين إلى يوم الدين","1"
"الفلوق رائع بس لاحظت بيتزا هت الكويت يختلف عن بيتزا هت السعودية متوفره عندنا السميكة ونفس طعم قبل لذيييذ ، يعطيكم العافية","1"
"العجينة كذا تكون الاصلية الرقيقة تصير تقرمش والبان تكون عريضة جربوها بعدين ودايم بيتزا هت يفوز","2"
"الفيصل احبك الله يسعدك مثل ماتسعدني وتضحكني دايم ههههههههههههههههههههههههههههههههههههههههههههههههههههههههههههههههههههههه","2"
"م اقدر اتابع من اللهجه اللي تسبب حموضه لو تتكلمون انقليزي او تصرفون انفسكم","0"
"عاد مطعم بيتزا هت مطعم طفولتي","1"
"عندنا بيتزاهت في القصيم تعال لاتخاف بس ","1"
"يزينكم ","2"
"طيب المنافس الرسمي بيتزا ان ليش ماتجربونه","1"
"ترا السعر شامل الضريبة","1"
"بيتزاراتي افضل بيتزا بالنسبالي ","1"
"افضل جزء عندي بفيديوهاتكم الكواليس  الله يسعدكم","2"
"اسلوب الفيصل يضحححكني هههههههههههههههههههه","1"
"الفيصل قافله عنده الاخلاق","1"
"فيصل مروق اليوم","1"
"سبب حبي للقصيم واهل القصيم ","2"
" الفيصل ينافس البليهي في شخصنه","1"
"الله فلوق مسالم","1"
"ما تتخيلون كمية السعادة يوم اشوف فيديوهاتكم ضايقتتي بي الدنيا واجي تالي الليل اسهر على فيديوهاتكم وتجيني طاقه كبيرة بسبب سوالفكم وذباتكم على بعض","2"
"الواليد جرب لورينزو","1"
"ثاني شي اسمة بيتزا هت مب هوت اسمة كوخ البيتزا","1"
"انا اكرة كل انوع البيتزا كل ما اجربة او اكلة يغثني غثيان فضيع ما اتقبل طعمة كلا زبدة وزيت ودسم ويغث غث فضيع","0"
"جربوا مطعم سير علينا مواقعه (الرس و البدايع)يستحق التجربه","2"
"احب فصلاتهم على بعض ماكأنهم يصورون على طبيعتهم مرة صدق الله يسعدكم يارب ","2"
"وليد فهم وانا للحين مافهمت ايش يقصد فيصل بالحواله فهموني","1"
"فيصل السعر مع الضريبة ","1"
"مافي شي زي اول","0"
"يحبي لك يا الفيصل وانت وليد ","2"
"احبب فديوهاتكم مره ، هادين وتونسون استمروو","2"
"يعطيكم العافيه","2"
"اتوقع اغلبنا نشترك بنفس الطفولة مع بيتزا هت  بس الصراحة بيتزا ان تفوووز ! الي مخليني ماجرب هت انها غاليه صدق 

والبوكس المنوع معروف مطاعم البيتزا طلبات الجانبية حقتهم فاشلة دايم اذا طلبتها اتحسف","2"
"فيصل مسفهل هالمره ياعساها دايمه","2"
"تكفووون مرررره تغيرون الجوو قاعدة احس اني طالعة معكم !!","2"
"مروقين الفلوق يهبببل","2"
"بيتزاهت جدة غييييييير عن باقي كل البيتزاهات في المملكة","2"
"العجينة السميكه موجوده اسماها بان","1"
"وش قله الادب ذي قسم بالله صارو جزء من يومي كل م ابي اكل اشوفهم حبيتهم انا اشتغل كاشير مطعم اتمنى بس يجوني يشيخ اذا م ابوسهم","2"
"القصيم كللهه ممططااععمم ماتقدر تعدهن","1"
"بيتزا هات موجود بعنيزة يا بيي","1"
"دااييمم خل فيصل مستانس اذا كذا بينكت متتت ضحككك","2"
" ريال و انجلطت حنا بجده  ريال بيتزا كبير ","1"
"الموظف عطاكم العجينه الرقيقة","1"
"احبهم ","2"
"اقسم بالله المقطع اكثر مقطع بوه طاقة ايجابية ضحكتكم وروقانكم ينعكس على المتابع الله يبارك لكم ويخليكم لبعض ويرزقكم من واسع فضله لكن لاتنسون نسبتنا من الحواله اللي جتكم ","2"
"أتذكر سعرها كان مرتفع أكثر ، كنّا نأخذ الوسط ببيروني بشيء وأربعين ، لكن ممكن سُمك العجينة تلعب دور في السعر","1"
"تراك خذت العجينه الاصليه ماخذت السميكة السميكة الي ببالك باقي موجودة","1"
"لسه عندهم العجينة السميكة، حنا مانطلب الا هي ","1"
"معقوله عجينتهم صارت رقيقه كذا ، اصلا اللي كان يميزهم عجينتهم المنفوخه ","1"
"من افضل اليويوبر ومن افضل المقاطع ","2"
" استيعاب متاخر","1"
"الكواليس فيصل مررررررق وطاير شكلها احسن اكله بحياته مو احسن بيتزا","2"
"الله يسعدكم  الكواليس شي ثاني صراحه","2"
"غريبه بيتزا هت مره سكرو في بيتزا مايسترو حلوه ودومينوز لذيذ الرانش رقيقه ذوقوها مع دجاج+ في مارجريتا حقتهم حلوه","2"
"الان فهمنا ليش فيصل يمدح البيتزا طلعت اعلان ","1"
"لا نفس حقت اول في عجينة سميكة بس الموظف عطاكم رقيقة","1"
"صادق الفيصل كان قبل في التسعين مدري الثمانين يعني مقارنه بقبل فهو مره حلو واذا طعمها صدق حلو فهذا سعرها في اغلب المطاعم الي صدق بيتزا مو زي دومينوز وطقتها","1"
"عندي لكم فكره،تشوفون الي ضايفينكم وتختارون واحد وتعزمونه، وتخلونه يقيم معكم","1"
"الصراحه هاذي ثاني يوم احضر مقاطعكم يمكن حضرت  مقطع وتستحقون المليون لأن قناتكم مره تفوز ماشاءالله","2"
"عجينته خفيفه لانك طلبت خفيفه اذا تبي السميكه  لازم تبلغه ابيه عجينه بان ( تجيك سميكه وطعمها مرره حلو )","2"
"كنت من اشد محبين بيتزا هت واشوف انه مختلف ومايقارن ، الا صار فعلا مايقارن صار غالي بالسعر والطعم دومينوز يتفوق عليه بمراحل","2"
"غالي","0"
"لو تسوون فديو ساعات بتابعه بدون مااسوي سكيب","2"
"فيه ببريدة بيتزا هت بس قفل وللآن نقول ان شاءالله بيفتح مرة ثانية احلا بيتزا بالدنيا ","2"
"جربوا مطعم ريل برجر
ومطعم شابو  ومطعم مقلوبه
مطعم عزيز ستيك","1"
"اخوي الوليد جربوا محلات الفطائر الصغيرة والبيتزا عني  طعهم الذ من هت 
وجربوا محلات مطبق
وجربوا محلات البحرية اذا تحبونها","2"
"فيصل مرووووق مرة هنا 
الله يديمها.","2"
"اقدر اقول انه اكثر مقطع تضحكون فيه يالله لطيفيننن","2"
"ليه م تبي تقول المدينه مقعوله محد يحبنا ولا كيف","0"
"جوه عالي ابو نظاره مروق","2"
"الي عاليمين حسبته انس اسكندر على طول دخلت ","1"
"الحقيقة حقوق موظف ستاربكس يأخذها أول بأول  سبحان الله وتتعلم المهنة الحقيقة جيدة للسعودة للعمل في الإدارة والعمل الميداني داخل المحلات","2"
"ذلحين لم اقدم يرفض التقديم ولازم تعبين البيانات وانا معبيتها كلها وش الحل؟","1"
"والله انك أفضل شخص تقدم هالبرنامج استمتعنا يعطيك العافيه","2"
"انا خشيت لسبب واحد لأجل اعرف اخونا مطبل والا يتكلم بالحقيقة
للأسف مطبل كبير وظائف الفروع من أسوء الوظائف يكفي ألم الركب واسفل الظهر من الوقفه الطويلة مع قلة اوقات الراحة اوقات الصلاة لا تستطيع الصلاة في المسجد بحجة انه هذا جزء من ساعات عملك واذا تجمل واعطاك فهي ربع ساعه وصلاة فردية ليست جماعة داخل المحل وانتم تعلمون اننا خلقنا للعبادة وليس للعمل العمل يأتي من مبدأ التعايش فقط  , لكن المستودع فالعمل به أجمل و أفضل بكثير ووقت الصلاة فهو جماعة هذا غير بريك الغداء الجميل وسائق الدينه أفضلهم كلهم بسبب أنه ميداني والميداني فيه حرية في الحركة والأكل والشرب والذهاب الى دورة المياه لايشترط الاستأذان ولا يشترط تحديد وقت البريك  وهذي الحقيقة 
(((((((((((والله على ما أقول شهيد))))))))))))))","1"
"راعي الاكسبلور والله كرهه لاعاد تشغلنا في الشوارع والاكسبلور","0"
"يا ريت تحفظ الخلطات ،،،،","1"
"ماشاءالله عليك حرفياً حسيت اني رحت ازوره بنفسي مابقيت شي الا وقلته 
الله يوفقك ومجهود جبااااار","2"
"اللهم البركه في المال والوقت والجهد","2"
"ياخي كل ما اشوف وجهك ودي اطلب من ماك","1"
"طيب عمري  هل اقدر اتوضف بي ستار؟","1"
"قسم بالله احبك يا هيثم","2"
"ياحظك نفسي اشتغل هنا","2"
"انا كعاطل واجي من مكان بعيد جداً لمدة اسبوعين ؟؟
كيف راح اصرف البنزين","1"
"من وين انت ؟؟؟؟؟؟","1"
"‏هل صليت على النبي اليوم؟؟‏
هل من مستغفر وحامد لله هنا؟؟","1"
"أيش بلد انتاج البن المستخدم في ستار بكس","1"
"اللهم صلي وسلم على محمد كما صليت على ابراهيم وعلى ال ابراهيم إنك حميد مجيد وبارك على محمد وعلى ال محمد كما باركت على ابراهيم وعلى ال ابراهيم انك حميد مجيد 
سبحان الله وبحمده سبحان الله العظيم 
استغفر الله العظيم الذي لا اله الا هو الحي القيوم واتوب اليه  تغفر ذنوبك ولو كانت مثل زبد البحر 
 استغفر الله العظيم الذي لا اله الا هو الحي القيوم واتوب اليه من كل ذنب عظيم يورث الحسرتا والندامه ويرد ارتفاع الدعاء واستجابته ويرد رحمتك عنا واتوب اليك
 لا اله الا الله محمد رسول الله لا اله الا الله وحده لا شريك له له الملك وله الحمد يحي ويميت بيده الخير وهو على كل شي قدير 
لا حول ولا قوة الا بالله العلي العظيم
 إنا لله وانا اليه راجعون
الله اكبر الله اكبر الله اكبر لا اله الا الله الله اكبر ولله الحمد الله أكبر كبيرا والحمد لله كثيرا وسبحان الله بكرةً واصيلا 
لا اله الا انت سبحانك ربي اني كنت من ظالمين 
 سبحان الله والحمد لله ولا اله الا الله والله اكبر ولا حول ولا قوة الا بالله العلي العظيم  
سبحان الله وبحمده سبحان الله العظيم عدد خلقه ورضى نفسه وزنتاعرشه ومداد كلماته عدد كل شي مل كل شي لي ولوالدي وللمؤمنين والمؤمنات وللمسلمين والمسلمات الاحيا منهم والاموات انشروها ماتدري بااييي حسنه تدخلك الجنه","1"
"الان انا شوي وادخل ع المقابله لتوظيفي في فرع من فروع ستاربكس يارب يسر وسهل","1"
"فيديو رائع ","2"
"نبئ وظيفه","1"
"ستاربكس فخر السياحة المزاجية","2"
"سؤال : كيف احصل على بطاقه ستاربكس اللي تجمع نقاط؟ اذا احد يساعدنا اللي عنده خلفيه، وشكرا","1"
"فلوق حلو محتوى ممتاز،  بسس انقهرت ع اللي معاها الماستر  …","2"
"الصراحه كنت اتمنى لو أن مصر عندها الاهتمام بموظفيها زي السعوديه","0"
"وش علاقة الصخب والمزيكا ف اول المقطع... انا تركت المقطع بسببه","0"
"ليتك اخترت غير ستاربكس","0"
"كنت موظفة سابقة خريجة برنامج بصراحة من اكثر البرامج متعة","2"
"والله انك مضلوم بالمشاهدات","0"
"اللي سوو ستورفيزت يوم بديتو دوام ولا؟","1"
"انا احب ستار بكس","2"
"انا قد مره خذيت قوه بارده من ستاربكس وطاح وانكب وقالي ببدله رغم ان الخطاء علي !!","2"
"عندي شهادة متوسطة هل اقدر اقدم وظيفة في ستاربكس؟","1"
"هاي ، ممكن سؤال يا هيثم هل البنات او الشباب الي اعمارهم من وفوق هل يقدرون يتشغلون في ستاربكس ؟","1"
"كموظف سابق فستاربكس ماتوقعت التغطية راح تغطي هالكمية الكبيرة من المعلومات في وقت قصير بطريقة شيقة. أحييك","2"
"المزيكا مزعجه ليتك ماحطيتها","0"
"كم رواتبهم من يفيدنا","1"
"فيه اشياء كثير ماوضحتها انه لازم تكون مامتقن للانقليزي ولازم تنظف نهاية كل شفت وتمسح البلاط وتنظف دورات المياة وتشيل صندوق الثلج وتنظف الصحون وتعقم الطاولات للزبائن وتنظف القزاز الخارجي للمحل وانه نظام الشركه تغيب اليوم الاول بيومين وبعدها تغيب بثلاثه ايام لين توصل خمس ايام وانه فيه اختبار للبارستا(عامل)وليس بارستا مع جميع هالشغلات انت المفروض تقدم اكل ليش يخلونك تنظف مو ممكن هالشي يضر بالاكل والمشروبات ؟ ليش ماتجيبون شركة خاصه بالنظافة وانت تكون متخصص بالاكل وتقديمة وكمان طول فتره الدوام تكون واقف فيه تفاصيل صغيرة ممكن تغير نظرتك للوظيفة في اي شركة","0"
"انا يمنيه والبن عندنا متوفررر بشكل  مو طبيعي … بس الشعب مشغول بل قات ","0"
"كم الرواتب ماقلت لنا ؟","1"
"مقطع متعوب عليه والله الله يسعدك ","2"
"اقدر اشتغل و انا طالب جامعي","1"
"ياربي اتوظفف فيها ماني عارفه كيف التقديم ","1"
"حمسني اتوظف بستاربكس","2"
"رهيب جداً ومقطعك جداً ممتع","2"
"انا استغرب كيف يدخلونه ويخلونه يسوي حلقة","1"
"ستاربكس تابعه لشركة الشايع بما اني كنت موظف بالشركة ذي سنتين ونص وستاربكس مشكلتها كل مدراء الفروع اجانب السعودي باريستا ويضغطون عليه يطفشونه في حياته ليته واقفه على الشغل وبعد سنتين لا زيادات ولا شي حتى الراتب  مايزيد ولافي زيادة ريال واحد غير كذا الشركة البنوك مو معتمدة الشركة واذا رحت للبنك اللي معتمد الشركة  يطلبون راتبك لازم يكون من  وفوق علشان تاخذ اكسنت وتقسطها ولا قرض شخصي ولا ترقيات للموظف المجتهد تحس انك في وظيفة سعودة مو وظيفة العمر  نصيحة اخوية وفر من عمرك وتوظف في شركة غير هالشركة تجربتي فعلية من داخل الشركة مو اصور حلقة وامشي وكلامي لكم بكل أمانة  #تجارب_سودان","1"
"حلقه بيضضض","0"
"اخخيراً شفت سعودي يسوي مقاطع كذا","2"
"وين اقدر اقد عليهم اللي عرف يقول لي ؟","1"
"طيب كيف اتوظف فيه ؟ يعني وين اروح وابغى اقرب فرع بالمدينه المنورة حق التوظيف وللله تحمست اتوظف فيه وكم الراتب ؟ انا خريج ثانويه عامه يصير اشتغل فيه ؟","1"
"نبي حلقة عن تطبيق عاوني","1"
"انا فخور جداً ببلدي الثاني السعوديه وشعبهم المحب للعمل و نظرتهم له نحبكم في الله ، حفظ الله الخليج و أبنائه","2"
"حبيييته اشتركت بقناته علطول","2"
"ستار بكس قهوه بس الناس مكبرينها يارجال تبي الكيف عليك بالمهيله قهوه عربيه خل الخرطي ستاربكس","0"
"مقاطعك دايما جميله تتحسس المشاهد بالتعب يلي بذلته عشان يطلع المقطع بهذا الجمال ","2"
"يمين بالله اسوء تجربة في حياتي","0"
"حسافة عاد كنت ابي اشتغل بستاربكس  بس بما انه لازم ابتسم هونت","0"
"الله لا يبلانا بس


هذا يغني ولا يولد ","0"
"تلوث سمعي وبصري","0"
"يعععع كريه وماله قبول  وفاهم الصوت والعرب غلط لو يطقع احسن له","0"
"وشفيه هذا؟ عووووذه من هالوجه","0"
"وربي انك بعيد عن الفن والغناء ... شوفلك مهنة اخرى او فن اخر او افتح مطعم واشتغل فيه ... وربي فشلتنا وفشلت نفسك ماعندك صوت ولا كاريزما وصوتك نشاز","0"
"والله ماعنده ادنى مراحل الفن والاداء لكن وراه معارف خلوه يوقف ويغني اغنيه اكبر من المقومات اللي عنده","0"
"صوت عادي اذا رفع صوته زياده ضاع اللحن من حلقه","1"
"عابض وبسسس","2"
"اخس واحد شفته","0"
"فنان فاشل غنا الاغنيه بعفن ابغى اعرف من خلاه فنان","0"
"الواسطه حتى في الفن 
حرام يكون مطرب حركت يده وشدقه 
تقول انه يشب على قدر","0"
"قتلت كل البدايات وقتلت ام الأغنية للأبد","0"
"عايض ماله ومال الفن 
لا صوت ولا أداء ","0"
"خربها","0"
"شادها في اثنين .. مو كذا يافنان انت قاعد تصارخ","0"
"ياليت غناها قدام محمد عبده قبل الحفله عشان يشوف كيف أداءه","1"
"الاغنيه مو محتاجه الحماس والخروج عن اللحن بطريقة غريبه غني باحساسك لكن مو اوفر الاغنيه راقيه","1"
"صوت خايس","0"
"وع وع","0"
"اقسم وربي انك بقره منهره أين احساسك وذوقك بأغنية مثل هذي ،اشتي اعرف كيف طاوعه قلبه محمد عبده وخلاك تغني ،يابجح ي خفة دمه زايدة قلعك","0"
"ياشين صوتك","0"
"خربتها بالاخير","0"
"صراحه مو زي محمد عبده","1"
"اخفاق وهفوة فنان","0"
"يابدايات البلاهه","0"
"صوت مزعج","0"
"بيتعلم صبروا عليه","1"
"ياريت يغني اغني جديدة  له محمد  عبده صاحب صوت  قوي الى يومنا هذا رغم سنه","1"
"مدري يشوف نفسه طبيعي ولا اخنا فينا بلا","0"
"ليته ماتحمس ","0"
"فاشل ولا هو حول الفن ","0"
"احس تحمس بزياده الله يصلحه وش ذا","1"
"انقلع","0"
"هذا يهاوش مايغني","0"
"بس يصارخ ولافي اي طرب في صوته","0"
"صوت واسلوب مزعج مررره","0"
"يازين ذا الوجه والصوت ","2"
"وش فيه تقل جايه مغص","0"
"يا بدايات النشاز يا نهايات البلا","0"
"خرب الاغنية","0"
"عنده مغص من الاغنية والا ايش ","0"
"هذا وشبه يهاوش","0"
"مستجد ومستحيل يوصل لمستوى الكبار لان عنده غرور  ،واما بخصوص الي يگولون وصل فهاي احلى نكته اسمعها ","0"
"كمية ازعاج تسبب الغثيان ،،،، والله فعلًا ان الفن سوق فاضي للي بيصير فنان .
انا مدري كيف تجرأ يغني لمحمد عبده لا وكمان اغنية صعبه ،،، والله انك عظيم يبو نوره وانك متواضع اللي عطيته وجه ،،، يا الله اذا بتحدى احد خله يسمع المقطع هذا ثلاث مرات من غير ما يطرش او ينفقع راسه","0"
"مصروع","0"
"والله ياخي سديت نفسي عن الحياة وزعلتني","0"
"القهوة لا يمكن الاستغناء عنها لكن السكر عادي جدا سهل الاستغناء عنه لكن هل يمكن الاستغناء عن السكر المخفي","1"
"ماافتكر متى اخر مرة شربت قهوة من غير حلا","1"
"عادي اتوتر بسبب هالقنبلة ولا بسبب كلام البشر وتصرفاتهم الي تسد النفس!","0"
"احلى قنبلة يشيخ","2"
"حبيت الحلقه واختياركم للضيفة موفق استمتعت","2"
"احب فيها صراحتها صراحه ماعندها لف ودوران الحلقه جميله جدا","2"
"احبهاااا شخصيتها مُريحه جداً","2"
"ياثقل الدم","0"
"مستحيل تتوقع الضيوف
تنوع مو طبيعي","1"
"ماتابعت البودكاست الا عشانها احبها هالانسانه ","2"
"الصراحة تمثيلها سيئ","0"
"سقطه","0"
"الحلقه تجنن شخصيتها وكلامها وعفويتها تهبل","2"
"حبيت الحلقه استمرو","2"
"الضيف سيء","0"
"ماشاء الله المُذيع اسلوبه رااااائع 
وميلا ماشاء الله ما عليها كلام !!


حلقة جميييلة جدًا واول مرة اكمل لقاء لنهايته من روعة شخصيتها ","2"
"سبحان من ينزع القبول","0"
"والله كيوووووت جازت لي الحلقه والبنت اول مره اشوفها حبيتها","2"
"لا تعطون الناس أكبر من حجمها","0"
"تكفى لا تجيبون البنات يخربون البرنامج","0"
"اشكر بودكاست يصير خير على الحلقه هذي استمتعت جدا وممتنه جداً انه عرفنا على شخصية الانسانه هذي ما توقعتها بهذي البساطة والعفويه جازت لي مررره","2"
"المحتوى ضعيف وممل.","0"
"لا فائدة من مشاهدة هذا الفيديو.","0"
"فيديو بلا هدف واضح.","0"
"لا يستحق المشاهدة، فضلًا عن تضييع الوقت فيه.","0"
"تقديم غير مهني ومبتذل.","0"
"أخطاء فنية واضحة في الفيديو.","0"
"لم يعجبني المحتوى على الإطلاق.","0"
"تكرار محتوى نفسه بدون تنوع.","0"
"جودة الفيديو سيئة وغير متميزة.","0"
"الفيديوهات لا تحمل أي فائدة تعليمية.","0"
"التعليقات السلبية تفوق الإيجابية بكثير.","0"
"تنسيق وإخراج سيئين للفيديو.","0"
"لا يبدو أن هناك بحث أو تخطيط جيد للفيديو.","0"
"المحتوى مكرر ومألوف بشكل سلبي.","0"
"لا يبدو أن المنتج يهتم بجودة الإنتاج.","0"
"الفيديوهات تفتقر إلى الإثارة والتشويق.","0"
"لا يوجد تميز في المحتوى مقارنة بالمنافسين.","0"
"لا يتناسب المحتوى مع عنوان الفيديو.","0"
"لا يوجد تنسيق في المحتوى، يبدو عشوائياً.","0"
"الفيديوهات تعتمد بشكل كبير على المحتوى السطحي.","0"
"لا توجد تفاعلات أو تفاعلات ضعيفة على الفيديو.","0"
"الفيديوهات تفتقر إلى الإبداع والتجديد.","0"
"المحتوى مكرر وغير مبتكر.","0"
"الجودة الصوتية سيئة وتشوش على الاستماع.","0"
"المحتوى لا يعكس مستوى احترافية عالٍ.","0"
"الفيديوهات لا تستحق أي متابعة.","0"
"لا يوجد جهد مبذول في صنع الفيديوهات.","0"
"الفيديوهات لا تحتوي على معلومات مفيدة.","0"
"الفيديوهات تبدو تافهة وغير مفيدة.","0"
"الفيديوهات تفتقر إلى التركيز والتنظيم.","0"
"لا يمكنني فهم هدف الفيديو.","0"
"جودة الكاميرا والصورة غير جيدة.","0"
"المحتوى متكرر ولا يقدم شيئًا جديدًا.","0"
"الفيديوهات تفتقر إلى الإبداع والتميز.","0"
"تقديم غير مهني وغير مرتب في الفيديو.","0"
"الفيديوهات تبدو مبتذلة وسطحية.","0"
"لا يوجد تنسيق في محتوى الفيديوهات.","0"
"الفيديوهات تفتقر إلى التركيز والجودة.","0"
"جودة الفيديو غير مقبولة.","0"
"المحتوى ممل ولا يثير الاهتمام.","0"
"لا يوجد أي جهد في اختيار المحتوى.","0"
"الفيديوهات تفتقر إلى الاحترافية.","0"
"لا يوجد أي تميز في المحتوى.","0"
"الفيديوهات لا تحمل أي قيمة ترفيهية.","0"
"لا يبدو أن هناك استثمار في الجودة.","0"
"الفيديوهات تبدو عادية ومتوسطة.","0"
"لا يوجد تنوع في المحتوى.","0"
"الفيديوهات تبدو متسرعة وغير مدروسة.","0"
"الفيديوهات لا تلفت الانتباه بأي شكل.","0"
"تقديم غير مهني ولا يليق بالمحتوى.","0"
"الفيديوهات لا تستحق الاهتمام.","0"
"المحتوى بسيط للغاية ولا يمتلك قيمة.","0"
"لا يوجد تنوع في المحتوى، كله متشابه.","0"
"المحتوى لا يبدو مثيرًا للاهتمام.","0"
"الجودة العامة للفيديو ضعيفة.","0"
"لم يتم تقديم المعلومات بشكل واضح.","0"
"الفيديو لا يقدم أي قيمة مضافة.","0"
"التنسيق والتنظيم في الفيديو غير جيدين.","0"
"المحتوى مكرر ولا يبتكر شيئًا جديدًا.","0"
"جودة الصوت والصورة غير مرضية.","0"
"التسلسل الزمني للفيديو غير مفهوم.","0"
"الفيديوهات تبدو عادية ومكررة.","0"
"سمييين","0"
"سميين للغاية","0"
"تشببه الخنزير","0"
"بدييييييين جدااا","0"
"الفيديو ممل للغاية.","0"
"لم يتم تقديم أي معلومات مفيدة.","0"
"جودة الإنتاج ضعيفة جدًا.","0"
"تنسيق الفيديو غير مهني.","0"
"المحتوى لا يستحق الوقت المستثمر فيه.","0"
"الفيديو لا يشد الانتباه بشكل جيد.","0"
"المحتوى مكرر وغير مبتكر.","0"
"لا يتوافق الفيديو مع عنوانه.","0"
"الجودة الصوتية سيئة للغاية.","0"
"التقديم لا يبدو احترافيًا.","0"
"لا توجد مهارات تواصل جيدة.","0"
"لا يوجد ترتيب منطقي في الشرح.","0"
"جودة الصورة سيئة وغير واضحة.","0"
"الفيديوهات تبدو غير مهتمة بالمشاهدين.","0"
"الفيديوهات لا تقدم أي فائدة تعليمية.","0"
"المحتوى يفتقر إلى التنوع والابتكار.","0"
"لا يوجد تدفق منطقي في الشرح.","0"
"الجودة العامة للفيديو غير مرضية.","0"
"لم يتم شرح الموضوع بشكل كافي.","0"
"الفيديوهات تفتقر إلى الاحترافية.","0"
"المحتوى مكرر ولا يقدم شيئًا جديدًا.","0"
"الشرح غير واضح وملخبط.","0"
"الجودة العامة للفيديو غير مقبولة.","0"
"المحتوى لا يثير الاهتمام.","0"
"الفيديوهات تفتقر إلى الترتيب والتنظيم.","0"
"لا يوجد اتصال مع المشاهدين.","0"
"الجودة العامة للفيديو ضعيفة جدًا.","0"
"المحتوى لا يحتوي على أي معلومات جديدة.","0"
"الشرح بطيء وغير موجز.","0"
"الفيديوهات لا تلفت الانتباه.","0"
"الفيديوهات لا تقدم أي قيمة مضافة.","0"
"الفيديوهات تفتقر إلى الابتكار والتجديد.","0"
"المحتوى لا يبدو مرتبطًا بالعنوان.","0"
"الجودة العامة للفيديو غير مرضية.","0"
"الشرح ممل وغير جذاب.","0"
"الفيديوهات تفتقر إلى التفاعل مع المشاهدين.","0"
"الفيديوهات لا تلقى انتباهًا كافيًا.","0"
"المحتوى يبدو غير منظم ومبهم.","0"
"الجودة العامة للفيديو ضعيفة جدًا.","0"
"الشرح غير مفهوم ومعقد.","0"
"هالشركة عم تسرق الفلوس، كل منتجاتها معيبة.","0"
"والله لو كنت عارف إنو رح تكون هيك النتيجة ما كنت شريت.","0"
"شو هاد المنتج الفاشل؟! ما فيو لا جد ولا ضحك.","0"
"هاي الشركة عم تلعب على أعصاب الناس، ما فيها رحمة.","0"
"والله إنو ما كنت عارف كيف بدك تشتغل هالمنتج.","0"
"شو هالجهاز المعقد؟ مش عارف ليش بيسموه تكنولوجيا.","0"
"هاد المنتج يبدو مش بطالة، بس محتاج شوية تطوير.","1"
"الجهاز هاد ماشي، مو ممتاز بس مش سيء.","1"
"في منتجات أحسن من هاد، بس بتقدر تعمل فيه شغل.","1"
"هاد المنتج لسه فيه بعض العيوب، بس مقبول لسعره.","1"
"شايف إنو المنتج عادي، مش ملفت بس ما بيتعبك كتير.","1"
"مش زينة بزيادة، بس هيك مقبولة على مستوى السعر.","1"
"المنتج فيه بعض المميزات، بس فيه كمان شوية عيوب.","1"
"لسه ما جربته بس شكله مقبول، ما عندي شي معيب عليه.","1"
"الفيلم هاد ما بيمل، بس ما بيحمل كمان شوية تشويق.","1"
"في أفلام أحلى من هاد، بس بتضل قصة الفيلم حلوة.","1"
"هاد المنتج للي بدو يستخدمه بس ما فيه شيء مميز جداً.","1"
"المنتج مش سيء، بس مش مثالي كمان.","1"
"الجودة مو بزيادة، بس السعر مقبول على الإجمال.","1"
"بالنسبة للسعر، المنتج كويس.","1"
"هاد المنتج بيعمل شغله بسيطة، مش محتاج لهاك.","1"
"الجهاز مش بطالة بس فيه أحسن منو.","1"
"المنتج مش سيء بس ما بيختلف كتير عن منتجات تانية.","1"
"لو مش متأكد من المنتج، بس بيبدو مقبول.","1"
"بتعرف، المنتج بيعمل المطلوب منو، بس ما فيه شيء خاص.","1"
"الفيلم مش رديء بس مو أفضل من هيك.","1"
